dfbl_id_key,dt_batch_start,dt_batch_end,dt_probe_from,dt_probe_to,int_batch_status,chv_job_name
1,21:37.9,NULL,00:00.0,59:59.0,-1,JB_BMS_DAILY
2,29:30.7,NULL,00:00.0,59:59.0,-1,JB_BMS_DAILY
3,32:40.6,NULL,00:00.0,59:59.0,-1,JB_BMS_DAILY
4,40:23.2,NULL,00:00.0,59:59.0,-1,JB_BMS_DAILY
10,37:00.3,NULL,37:10.6,59:59.0,-1,JB_BMS_DAILY
12,56:51.0,16:36.2,00:00.0,59:59.0,0,JB_TAM_WEEKLY
13,43:19.7,08:10.1,00:00.0,59:59.0,0,JB_TAM_WEEKLY
14,39:13.3,54:13.7,00:00.0,59:59.0,0,JB_BMS_DAILY
19,23:39.0,NULL,01:28.7,59:59.0,-1,JB_TAM_WEEKLY
20,26:02.0,NULL,01:28.7,59:59.0,-1,JB_TAM_WEEKLY
21,32:52.8,NULL,01:28.7,59:59.0,-1,JB_TAM_WEEKLY
22,58:45.1,NULL,01:28.7,59:59.0,-1,JB_TAM_WEEKLY
23,35:12.4,NULL,01:28.7,59:59.0,-1,JB_TAM_WEEKLY
24,36:41.2,NULL,01:28.7,59:59.0,-1,JB_TAM_WEEKLY
27,31:50.5,05:16.8,00:00.0,31:50.5,0,JB_TAM_WEEKLY
29,29:05.9,NULL,31:51.5,29:05.9,-1,JB_TAM_WEEKLY
30,30:35.4,12:45.9,31:51.5,30:35.4,0,JB_TAM_WEEKLY
33,23:40.9,42:02.2,30:36.4,59:59.0,0,JB_TAM_WEEKLY
35,10:45.4,33:01.8,31:37.9,10:45.4,0,JB_TAM_WEEKLY
37,19:39.3,36:19.2,57:15.7,59:59.0,0,JB_BMS_DAILY
38,24:51.3,NULL,00:00.0,59:59.0,-1,JB_MONTHLY_BUDGET_REVENUE
42,17:12.6,17:15.3,00:00.0,59:59.0,0,JB_MONTHLY_BUDGET_GRP
43,17:29.1,17:31.7,00:00.0,59:59.0,0,JB_MONTHLY_BUDGET_REVENUE
44,23:35.0,23:37.8,00:00.0,23:35.0,0,JB_MONTHLY_BUDGET_REVENUE
45,13:55.8,31:45.9,00:00.0,59:59.0,0,JB_BMS_DAILY
46,46:55.4,18:41.5,00:00.0,46:55.4,0,JB_BMS_DAILY
47,22:56.2,44:32.3,46:56.4,59:59.0,0,JB_BMS_DAILY
50,59:08.4,NULL,00:00.0,59:59.0,-1,JB_TAM_WEEKLY
51,09:10.5,NULL,00:00.0,59:59.0,-1,JB_TAM_WEEKLY
52,15:53.7,43:45.6,00:00.0,59:59.0,0,JB_TAM_WEEKLY
53,45:16.3,07:21.0,00:00.0,45:16.3,0,JB_TAM_WEEKLY
54,19:54.7,46:00.9,45:17.3,19:54.7,0,JB_TAM_WEEKLY
55,00:18.9,30:20.5,19:55.7,00:18.9,0,JB_TAM_WEEKLY
56,34:34.9,52:46.6,00:19.9,59:59.0,0,JB_TAM_WEEKLY
57,07:27.1,NULL,00:00.0,07:27.1,-1,JB_TAM_WEEKLY
59,58:44.7,21:02.7,42:34.5,58:44.7,0,JB_TAM_WEEKLY
60,25:47.0,NULL,58:45.7,25:47.0,-1,JB_TAM_WEEKLY
62,09:06.0,31:28.8,58:45.7,09:06.0,0,JB_TAM_WEEKLY
65,14:41.1,48:27.1,18:20.0,14:41.1,0,JB_TAM_WEEKLY
69,19:05.9,19:08.6,00:00.0,59:59.0,0,JB_MONTHLY_BUDGET_REVENUE
70,20:07.5,20:10.2,00:00.0,20:07.5,0,JB_MONTHLY_BUDGET_REVENUE
71,56:52.2,56:55.0,00:00.0,59:59.0,0,JB_MONTHLY_BUDGET_GRP
73,10:08.0,NULL,00:00.0,59:59.0,-1,JB_TAM_WEEKLY
74,42:55.8,NULL,00:00.0,59:59.0,-1,JB_TAM_WEEKLY
75,15:43.4,07:48.4,00:00.0,59:59.0,0,JB_TAM_WEEKLY
77,50:18.9,NULL,00:00.0,59:59.0,-1,JB_TAM_WEEKLY
78,20:24.4,NULL,00:00.0,59:59.0,-1,JB_TAM_WEEKLY
79,37:59.9,04:26.8,00:00.0,59:59.0,0,JB_TAM_WEEKLY
81,39:39.6,05:17.0,10:32.0,39:39.6,0,JB_TAM_WEEKLY
82,51:06.5,26:57.8,39:40.6,59:59.0,0,JB_TAM_WEEKLY
83,40:53.6,08:26.5,00:00.0,40:53.6,0,JB_TAM_WEEKLY
86,34:33.3,NULL,10:53.9,34:33.3,-1,JB_TAM_WEEKLY
88,38:02.7,NULL,52:59.6,38:02.7,-1,JB_TAM_WEEKLY
89,58:37.7,22:28.8,52:59.6,58:37.7,0,JB_TAM_WEEKLY
92,23:51.3,45:12.0,59:42.9,23:51.3,0,JB_TAM_WEEKLY
93,47:56.8,NULL,23:52.3,47:56.8,-1,JB_TAM_WEEKLY
94,49:35.4,10:17.0,23:52.3,49:35.4,0,JB_TAM_WEEKLY
98,58:59.6,26:28.9,22:03.6,58:59.6,0,JB_TAM_WEEKLY
99,47:45.2,08:18.2,59:00.6,47:45.2,0,JB_TAM_WEEKLY
101,39:44.8,02:10.4,14:26.1,39:44.8,0,JB_TAM_WEEKLY
102,03:49.5,27:25.2,39:45.8,03:49.5,0,JB_TAM_WEEKLY
103,06:20.6,31:12.9,03:50.5,06:20.6,0,JB_TAM_WEEKLY
104,59:05.7,25:09.7,06:21.6,59:05.7,0,JB_TAM_WEEKLY
105,50:44.2,19:02.4,59:06.7,50:44.2,0,JB_TAM_WEEKLY
107,19:25.3,52:09.8,30:07.1,19:25.3,0,JB_TAM_WEEKLY
108,55:05.0,27:30.9,19:26.3,55:05.0,0,JB_TAM_WEEKLY
110,59:27.0,31:12.6,20:15.5,59:27.0,0,JB_TAM_WEEKLY
111,40:20.4,10:55.9,59:28.0,40:20.4,0,JB_TAM_WEEKLY
112,19:49.8,51:00.4,40:21.4,19:49.8,0,JB_TAM_WEEKLY
113,53:18.8,25:20.4,19:50.8,53:18.8,0,JB_TAM_WEEKLY
114,16:47.6,48:54.2,53:19.8,59:59.0,0,JB_TAM_WEEKLY
116,00:53.3,41:50.6,11:41.4,00:53.3,0,JB_TAM_WEEKLY
117,58:15.2,33:21.6,00:54.3,58:15.2,0,JB_TAM_WEEKLY
118,40:54.9,17:37.5,58:16.2,40:54.9,0,JB_TAM_WEEKLY
119,37:09.0,16:53.8,40:55.9,37:09.0,0,JB_TAM_WEEKLY
121,00:58.2,41:31.5,14:04.9,00:58.2,0,JB_TAM_WEEKLY
123,04:08.8,41:02.0,42:16.2,04:08.8,0,JB_TAM_WEEKLY
124,13:12.5,45:42.9,04:09.8,59:59.0,0,JB_TAM_WEEKLY
125,48:27.5,14:30.4,00:00.0,48:27.5,0,JB_TAM_WEEKLY
127,23:45.0,52:04.2,43:02.8,23:45.0,0,JB_TAM_WEEKLY
128,08:55.4,41:55.4,23:46.0,08:55.4,0,JB_TAM_WEEKLY
129,02:55.8,43:07.4,08:56.4,02:55.8,0,JB_TAM_WEEKLY
131,50:05.5,27:00.6,10:31.2,50:05.5,0,JB_TAM_WEEKLY
132,28:29.5,38:14.6,50:06.5,28:29.5,0,JB_TAM_WEEKLY
133,40:51.2,02:28.2,00:00.0,59:59.0,0,JB_BMS_DAILY
134,00:54.7,46:12.9,00:00.0,00:54.7,0,JB_BMS_DAILY
136,24:10.8,24:16.4,20:08.5,59:59.0,0,JB_MONTHLY_BUDGET_REVENUE
137,25:54.6,25:57.5,00:00.0,59:59.0,0,JB_MONTHLY_BUDGET_REVENUE
138,06:28.7,06:31.2,00:00.0,06:28.7,0,JB_MONTHLY_BUDGET_REVENUE
139,59:21.5,27:41.1,00:00.0,59:59.0,0,JB_TAM_WEEKLY
140,50:31.2,02:25.3,00:00.0,59:59.0,0,JB_TAM_WEEKLY
142,35:47.7,02:13.4,00:55.7,59:59.0,0,JB_BMS_DAILY
144,22:58.5,NULL,33:22.2,59:59.0,-1,JB_TAM_WEEKLY
146,08:51.4,39:35.7,00:00.0,08:51.4,0,JB_TAM_WEEKLY
148,35:13.9,37:35.8,03:10.9,35:13.9,0,JB_TAM_WEEKLY
149,59:56.4,00:14.4,35:14.9,59:56.4,0,JB_TAM_WEEKLY
150,07:01.6,07:08.2,59:57.4,07:01.6,0,JB_TAM_WEEKLY
151,33:40.5,48:01.6,07:02.6,33:40.5,0,JB_TAM_WEEKLY
154,07:06.1,14:52.0,00:00.0,07:06.1,0,JB_TAM_WEEKLY
156,04:24.2,26:32.1,07:07.1,04:24.2,0,JB_TAM_WEEKLY
157,49:19.1,17:05.2,04:25.2,49:19.1,0,JB_TAM_WEEKLY
159,13:38.8,52:47.1,00:00.0,59:59.0,0,JB_TAM_WEEKLY
160,40:29.0,35:25.3,00:00.0,59:59.0,0,JB_TAM_WEEKLY
161,06:10.1,32:03.0,00:00.0,06:10.1,0,JB_TAM_WEEKLY
162,33:35.3,52:46.5,47:17.9,59:59.0,0,JB_BMS_DAILY
163,09:56.2,27:51.1,00:00.0,59:59.0,0,JB_BMS_DAILY
166,00:14.8,18:06.2,00:00.0,59:59.0,0,JB_BMS_DAILY
167,00:45.3,17:46.3,00:00.0,59:59.0,0,JB_BMS_DAILY
168,00:17.4,17:14.7,00:00.0,59:59.0,0,JB_BMS_DAILY
169,00:43.4,17:51.0,00:00.0,59:59.0,0,JB_BMS_DAILY
170,01:11.1,18:03.6,00:00.0,59:59.0,0,JB_BMS_DAILY
174,00:56.8,17:14.3,00:00.0,59:59.0,0,JB_BMS_DAILY
176,54:26.3,11:41.7,00:00.0,54:26.3,0,JB_BMS_DAILY
178,00:26.5,18:02.6,00:00.0,59:59.0,0,JB_BMS_DAILY
179,00:38.8,17:52.4,00:00.0,59:59.0,0,JB_BMS_DAILY
181,00:38.6,18:28.3,00:00.0,59:59.0,0,JB_BMS_DAILY
5,46:34.1,NULL,00:00.0,59:59.0,-1,JB_BMS_DAILY
6,05:12.5,NULL,00:00.0,59:59.0,-1,JB_BMS_DAILY
7,21:28.1,39:55.2,00:00.0,59:59.0,0,JB_BMS_DAILY
8,24:09.5,45:11.5,00:00.0,59:59.0,0,JB_TAM_WEEKLY
9,37:09.6,53:24.4,00:00.0,37:09.6,0,JB_BMS_DAILY
11,40:54.1,55:46.5,37:10.6,59:59.0,0,JB_BMS_DAILY
15,56:28.5,22:44.7,00:00.0,56:28.5,0,JB_TAM_WEEKLY
16,01:27.7,29:46.1,56:29.5,01:27.7,0,JB_TAM_WEEKLY
49,56:31.5,19:30.8,00:00.0,59:59.0,0,JB_BMS_DAILY
68,20:40.5,05:26.3,00:00.0,59:59.0,0,JB_BMS_DAILY
147,03:09.9,05:31.9,08:52.4,03:09.9,0,JB_TAM_WEEKLY
152,59:02.1,02:58.5,33:41.5,59:02.1,0,JB_TAM_WEEKLY
155,29:20.0,NULL,07:07.1,29:20.0,-1,JB_TAM_WEEKLY
158,37:00.9,14:59.4,49:20.1,59:59.0,0,JB_TAM_WEEKLY
164,00:50.9,18:12.5,00:00.0,59:59.0,0,JB_BMS_DAILY
165,00:39.8,17:59.0,00:00.0,59:59.0,0,JB_BMS_DAILY
171,01:03.6,17:59.5,00:00.0,59:59.0,0,JB_BMS_DAILY
182,00:16.2,16:43.0,00:00.0,59:59.0,0,JB_BMS_DAILY
184,01:05.9,18:17.9,00:00.0,01:05.9,0,JB_BMS_DAILY
185,00:31.0,18:32.9,01:06.9,59:59.0,0,JB_BMS_DAILY
186,00:52.7,17:26.6,00:00.0,59:59.0,0,JB_BMS_DAILY
187,05:56.2,23:09.5,00:00.0,05:56.2,0,JB_BMS_DAILY
188,00:27.3,18:27.4,05:57.2,59:59.0,0,JB_BMS_DAILY
191,00:38.0,17:57.0,00:00.0,59:59.0,0,JB_BMS_DAILY
193,01:13.6,18:20.1,00:00.0,59:59.0,0,JB_BMS_DAILY
198,01:02.2,18:47.2,00:00.0,59:59.0,0,JB_BMS_DAILY
199,00:36.7,18:30.9,00:00.0,59:59.0,0,JB_BMS_DAILY
200,01:10.9,17:43.4,00:00.0,59:59.0,0,JB_BMS_DAILY
201,00:53.8,18:44.5,00:00.0,59:59.0,0,JB_BMS_DAILY
203,00:55.2,19:06.4,00:00.0,59:59.0,0,JB_BMS_DAILY
205,00:26.5,17:23.7,00:00.0,59:59.0,0,JB_BMS_DAILY
206,28:08.4,NULL,06:11.1,59:59.0,-1,JB_TAM_WEEKLY
208,41:13.6,NULL,06:11.1,59:59.0,-1,JB_TAM_WEEKLY
209,49:38.9,NULL,06:11.1,59:59.0,-1,JB_TAM_WEEKLY
210,58:41.7,NULL,06:11.1,59:59.0,-1,JB_TAM_WEEKLY
211,10:12.5,NULL,06:11.1,59:59.0,-1,JB_TAM_WEEKLY
212,29:50.8,NULL,06:11.1,59:59.0,-1,JB_TAM_WEEKLY
220,00:55.0,18:54.8,00:00.0,59:59.0,0,JB_BMS_DAILY
221,00:25.0,17:48.6,00:00.0,59:59.0,0,JB_BMS_DAILY
222,01:16.7,19:06.0,00:00.0,59:59.0,0,JB_BMS_DAILY
224,00:36.4,17:37.0,00:00.0,59:59.0,0,JB_BMS_DAILY
227,11:21.7,22:26.8,00:00.0,59:59.0,0,JB_TAM_WEEKLY
228,55:37.8,00:07.7,00:00.0,55:37.8,0,JB_TAM_WEEKLY
230,00:28.9,17:13.2,00:00.0,59:59.0,0,JB_BMS_DAILY
231,00:21.6,16:53.3,00:00.0,59:59.0,0,JB_BMS_DAILY
234,00:37.8,10:42.0,55:38.8,59:59.0,0,JB_TAM_WEEKLY
235,00:58.9,17:45.1,00:00.0,59:59.0,0,JB_BMS_DAILY
240,00:20.1,17:27.0,00:00.0,59:59.0,0,JB_BMS_DAILY
241,00:53.0,18:12.5,00:00.0,59:59.0,0,JB_BMS_DAILY
243,11:28.9,25:23.9,00:00.0,59:59.0,0,JB_TAM_WEEKLY
245,00:31.5,19:09.5,00:00.0,59:59.0,0,JB_BMS_DAILY
249,00:28.8,18:26.4,00:00.0,59:59.0,0,JB_BMS_DAILY
251,41:15.2,00:10.5,00:00.0,59:59.0,0,JB_TAM_WEEKLY
253,00:15.5,18:19.5,00:00.0,59:59.0,0,JB_BMS_DAILY
254,00:57.4,18:40.6,00:00.0,59:59.0,0,JB_BMS_DAILY
256,00:14.8,16:42.3,00:00.0,59:59.0,0,JB_BMS_DAILY
257,00:49.7,17:42.0,00:00.0,59:59.0,0,JB_BMS_DAILY
258,00:36.8,17:08.3,00:00.0,59:59.0,0,JB_BMS_DAILY
259,41:59.2,54:19.0,00:00.0,59:59.0,0,JB_TAM_WEEKLY
260,01:09.6,18:45.2,00:00.0,59:59.0,0,JB_BMS_DAILY
261,00:59.0,18:19.4,00:00.0,59:59.0,0,JB_BMS_DAILY
262,00:23.4,17:49.3,00:00.0,59:59.0,0,JB_BMS_DAILY
263,01:15.4,17:46.1,00:00.0,59:59.0,0,JB_BMS_DAILY
264,01:05.3,17:17.0,00:00.0,59:59.0,0,JB_BMS_DAILY
265,00:24.4,17:22.4,00:00.0,59:59.0,0,JB_BMS_DAILY
268,00:41.3,17:43.7,00:00.0,59:59.0,0,JB_BMS_DAILY
271,00:52.9,18:26.9,00:00.0,59:59.0,0,JB_BMS_DAILY
273,00:16.9,16:31.1,00:00.0,59:59.0,0,JB_BMS_DAILY
274,00:41.6,18:24.4,00:00.0,59:59.0,0,JB_BMS_DAILY
275,34:14.0,46:45.0,00:00.0,59:59.0,0,JB_TAM_WEEKLY
276,00:33.4,17:26.1,00:00.0,59:59.0,0,JB_BMS_DAILY
281,01:13.4,19:05.4,00:00.0,59:59.0,0,JB_BMS_DAILY
284,54:55.7,08:30.2,00:00.0,59:59.0,0,JB_TAM_WEEKLY
285,52:07.8,21:06.3,00:00.0,52:07.8,0,JB_TAM_WEEKLY
288,00:37.7,17:29.5,00:00.0,59:59.0,0,JB_BMS_DAILY
289,00:21.8,18:29.4,00:00.0,59:59.0,0,JB_BMS_DAILY
300,00:24.4,17:30.0,00:00.0,59:59.0,0,JB_BMS_DAILY
305,00:45.0,20:13.8,00:00.0,59:59.0,0,JB_BMS_DAILY
314,01:09.4,18:22.0,00:00.0,59:59.0,0,JB_BMS_DAILY
316,00:42.3,19:39.2,00:00.0,59:59.0,0,JB_BMS_DAILY
319,00:20.7,18:37.6,00:00.0,59:59.0,0,JB_BMS_DAILY
320,00:26.0,18:37.3,00:00.0,59:59.0,0,JB_BMS_DAILY
322,00:59.4,18:33.5,00:00.0,59:59.0,0,JB_BMS_DAILY
323,00:59.0,19:53.7,00:00.0,59:59.0,0,JB_BMS_DAILY
324,00:36.9,17:59.8,00:00.0,59:59.0,0,JB_BMS_DAILY
325,01:04.2,18:43.8,00:00.0,59:59.0,0,JB_BMS_DAILY
326,19:56.8,33:35.3,00:00.0,59:59.0,0,JB_TAM_WEEKLY
327,00:32.8,18:09.4,00:00.0,59:59.0,0,JB_BMS_DAILY
329,00:28.0,18:37.8,00:00.0,59:59.0,0,JB_BMS_DAILY
330,01:02.1,18:09.5,00:00.0,59:59.0,0,JB_BMS_DAILY
331,00:52.7,18:18.5,00:00.0,59:59.0,0,JB_BMS_DAILY
333,00:28.5,17:26.7,00:00.0,59:59.0,0,JB_BMS_DAILY
336,00:53.7,20:51.4,00:00.0,59:59.0,0,JB_BMS_DAILY
338,00:54.6,17:43.6,00:00.0,59:59.0,0,JB_BMS_DAILY
339,00:28.8,17:46.7,00:00.0,59:59.0,0,JB_BMS_DAILY
342,21:59.7,41:27.7,00:00.0,59:59.0,0,JB_TAM_WEEKLY
343,19:28.1,31:32.4,00:00.0,59:59.0,0,JB_TAM_WEEKLY
344,40:04.5,00:18.8,00:00.0,59:59.0,0,JB_BMS_DAILY
347,00:23.0,18:53.4,00:00.0,59:59.0,0,JB_BMS_DAILY
348,01:06.9,18:47.5,00:00.0,59:59.0,0,JB_BMS_DAILY
354,00:27.7,18:07.3,00:00.0,59:59.0,0,JB_BMS_DAILY
355,00:57.1,18:45.8,00:00.0,59:59.0,0,JB_BMS_DAILY
356,00:54.6,21:11.0,00:00.0,59:59.0,0,JB_BMS_DAILY
360,00:38.9,18:42.5,00:00.0,59:59.0,0,JB_BMS_DAILY
362,41:41.5,42:58.9,00:00.0,41:41.5,0,JB_TAM_WEEKLY
365,00:26.4,19:25.4,00:00.0,59:59.0,0,JB_BMS_DAILY
366,00:53.9,18:05.3,00:00.0,59:59.0,0,JB_BMS_DAILY
368,01:11.8,18:32.5,00:00.0,59:59.0,0,JB_BMS_DAILY
369,01:03.2,18:47.8,00:00.0,59:59.0,0,JB_BMS_DAILY
370,25:15.7,37:25.4,41:42.5,59:59.0,0,JB_TAM_WEEKLY
371,00:59.3,19:53.1,00:00.0,59:59.0,0,JB_BMS_DAILY
374,00:23.7,17:17.0,00:00.0,59:59.0,0,JB_BMS_DAILY
375,01:11.4,18:04.9,00:00.0,59:59.0,0,JB_BMS_DAILY
377,00:43.7,18:05.3,50:05.0,59:59.0,0,JB_BMS_DAILY
379,00:55.9,18:16.9,00:00.0,59:59.0,0,JB_BMS_DAILY
380,23:00.9,35:29.8,00:00.0,59:59.0,0,JB_TAM_WEEKLY
381,00:44.2,19:33.0,00:00.0,59:59.0,0,JB_BMS_DAILY
384,00:31.1,18:18.1,00:00.0,59:59.0,0,JB_BMS_DAILY
17,40:49.8,NULL,01:28.7,40:49.8,-1,JB_TAM_WEEKLY
28,29:26.9,46:32.6,00:00.0,59:59.0,0,JB_BMS_DAILY
31,58:31.4,11:39.9,00:00.0,59:59.0,0,JB_BMS_DAILY
32,57:14.7,14:26.4,00:00.0,57:14.7,0,JB_BMS_DAILY
61,55:21.3,NULL,58:45.7,55:21.3,-1,JB_TAM_WEEKLY
100,14:25.1,35:57.1,47:46.2,14:25.1,0,JB_TAM_WEEKLY
122,42:15.2,18:15.3,00:59.2,42:15.2,0,JB_TAM_WEEKLY
130,10:30.2,42:28.6,02:56.8,10:30.2,0,JB_TAM_WEEKLY
141,33:21.2,45:54.1,00:00.0,33:21.2,0,JB_TAM_WEEKLY
215,04:57.5,NULL,06:11.1,59:59.0,-1,JB_TAM_WEEKLY
216,11:52.4,NULL,06:11.1,59:59.0,-1,JB_TAM_WEEKLY
232,57:03.9,NULL,55:38.8,59:59.0,-1,JB_TAM_WEEKLY
266,00:50.8,18:27.2,00:00.0,59:59.0,0,JB_BMS_DAILY
280,00:45.5,17:10.7,00:00.0,59:59.0,0,JB_BMS_DAILY
286,32:03.4,45:08.6,52:08.8,32:03.4,0,JB_TAM_WEEKLY
295,00:25.6,17:45.3,00:00.0,59:59.0,0,JB_BMS_DAILY
298,00:22.6,16:53.1,00:00.0,59:59.0,0,JB_BMS_DAILY
334,33:35.5,47:41.9,00:00.0,59:59.0,0,JB_TAM_WEEKLY
346,00:25.2,18:01.7,00:00.0,59:59.0,0,JB_BMS_DAILY
358,00:31.2,17:54.9,00:00.0,59:59.0,0,JB_BMS_DAILY
359,00:59.7,18:26.5,00:00.0,59:59.0,0,JB_BMS_DAILY
385,00:51.8,18:52.5,00:00.0,59:59.0,0,JB_BMS_DAILY
386,55:50.0,15:24.4,00:00.0,55:50.0,0,JB_BMS_DAILY
388,00:04.6,17:26.1,00:00.0,00:04.6,0,JB_BMS_DAILY
390,00:41.1,20:17.5,00:05.6,59:59.0,0,JB_BMS_DAILY
391,00:05.7,20:14.5,00:00.0,00:05.7,0,JB_BMS_DAILY
395,00:04.8,17:25.3,00:00.0,00:04.8,0,JB_BMS_DAILY
396,00:44.3,18:07.4,00:05.8,59:59.0,0,JB_BMS_DAILY
397,00:07.6,17:13.0,00:00.0,00:07.6,0,JB_BMS_DAILY
401,00:04.6,17:19.8,00:00.0,00:04.6,0,JB_BMS_DAILY
403,00:38.3,19:31.2,00:05.6,59:59.0,0,JB_BMS_DAILY
406,00:27.3,18:55.8,00:00.0,59:59.0,0,JB_BMS_DAILY
407,01:12.5,18:34.0,00:00.0,59:59.0,0,JB_BMS_DAILY
411,01:07.5,20:36.7,00:06.2,59:59.0,0,JB_BMS_DAILY
413,00:29.0,17:53.3,00:06.9,59:59.0,0,JB_BMS_DAILY
414,00:05.8,16:54.2,00:00.0,00:05.8,0,JB_BMS_DAILY
417,00:05.3,16:44.5,00:00.0,00:05.3,0,JB_BMS_DAILY
418,00:56.4,18:08.2,00:06.3,59:59.0,0,JB_BMS_DAILY
421,00:05.2,16:59.9,00:00.0,00:05.2,0,JB_BMS_DAILY
422,00:13.5,17:13.0,00:06.2,59:59.0,0,JB_BMS_DAILY
426,00:22.3,18:59.4,00:04.2,59:59.0,0,JB_BMS_DAILY
428,39:00.4,51:33.0,00:00.0,59:59.0,0,JB_TAM_WEEKLY
429,01:03.3,21:01.6,00:05.8,59:59.0,0,JB_BMS_DAILY
430,00:05.8,17:13.1,00:00.0,00:05.8,0,JB_BMS_DAILY
431,00:44.6,20:45.1,00:06.8,59:59.0,0,JB_BMS_DAILY
433,00:52.8,18:43.3,00:00.0,59:59.0,0,JB_BMS_DAILY
436,00:05.5,17:40.9,00:00.0,00:05.5,0,JB_BMS_DAILY
439,01:10.2,22:43.1,00:06.0,59:59.0,0,JB_BMS_DAILY
444,00:17.7,20:27.7,00:06.0,59:59.0,0,JB_BMS_DAILY
445,01:00.7,19:53.7,00:00.0,59:59.0,0,JB_BMS_DAILY
450,00:59.9,20:43.9,00:08.9,59:59.0,0,JB_BMS_DAILY
452,00:38.1,19:05.5,00:06.2,59:59.0,0,JB_BMS_DAILY
454,37:50.1,50:11.3,00:00.0,59:59.0,0,JB_TAM_WEEKLY
456,00:05.5,17:38.1,00:00.0,00:05.5,0,JB_BMS_DAILY
457,00:46.7,18:55.2,00:06.5,59:59.0,0,JB_BMS_DAILY
460,00:05.6,17:33.3,00:00.0,00:05.6,0,JB_BMS_DAILY
462,00:05.1,17:26.5,00:00.0,00:05.1,0,JB_BMS_DAILY
464,42:01.0,07:10.5,00:06.1,42:01.0,0,JB_BMS_DAILY
467,52:35.0,11:05.5,00:00.0,59:59.0,0,JB_TAM_WEEKLY
468,43:12.5,43:17.7,00:00.0,43:12.5,0,JB_TAM_WEEKLY
470,00:05.3,18:45.8,00:00.0,00:05.3,0,JB_BMS_DAILY
471,32:20.7,46:34.1,43:13.5,59:59.0,0,JB_TAM_WEEKLY
473,00:05.3,19:02.9,00:00.0,00:05.3,0,JB_BMS_DAILY
474,48:05.2,48:08.7,06:29.7,59:59.0,0,JB_MONTHLY_BUDGET_REVENUE
475,13:41.3,13:45.3,00:00.0,13:41.3,0,JB_MONTHLY_BUDGET_REVENUE
477,00:50.2,18:18.3,00:00.0,59:59.0,0,JB_BMS_DAILY
479,00:05.4,18:30.1,00:00.0,00:05.4,0,JB_BMS_DAILY
481,00:05.4,18:02.1,00:00.0,00:05.4,0,JB_BMS_DAILY
482,00:49.6,20:25.1,00:06.4,59:59.0,0,JB_BMS_DAILY
483,00:04.9,18:16.1,00:00.0,00:04.9,0,JB_BMS_DAILY
486,22:03.5,36:03.4,00:00.0,59:59.0,0,JB_TAM_WEEKLY
490,00:33.7,18:54.9,00:00.0,59:59.0,0,JB_BMS_DAILY
491,00:23.4,18:07.3,00:00.0,59:59.0,0,JB_BMS_DAILY
493,00:54.2,19:19.3,00:05.9,59:59.0,0,JB_BMS_DAILY
496,00:04.2,19:28.3,00:00.0,00:04.2,0,JB_BMS_DAILY
497,00:19.8,21:04.2,00:05.2,59:59.0,0,JB_BMS_DAILY
499,20:08.7,33:29.6,00:00.0,59:59.0,0,JB_TAM_WEEKLY
500,00:36.6,22:13.8,00:05.6,59:59.0,0,JB_BMS_DAILY
501,00:04.8,19:18.1,00:00.0,00:04.8,0,JB_BMS_DAILY
506,53:21.4,39:21.0,00:00.0,59:59.0,0,JB_TAM_WEEKLY
507,00:49.5,22:00.7,00:08.9,59:59.0,0,JB_BMS_DAILY
508,00:04.9,20:01.6,00:00.0,00:04.9,0,JB_BMS_DAILY
509,00:27.3,21:15.3,00:05.9,59:59.0,0,JB_BMS_DAILY
510,00:04.7,18:54.7,00:00.0,00:04.7,0,JB_BMS_DAILY
511,00:19.0,21:12.0,00:05.7,59:59.0,0,JB_BMS_DAILY
514,00:04.8,19:39.0,00:00.0,00:04.8,0,JB_BMS_DAILY
515,00:18.4,22:13.2,00:05.8,59:59.0,0,JB_BMS_DAILY
516,00:32.9,19:02.8,00:00.0,59:59.0,0,JB_BMS_DAILY
517,00:18.9,18:30.9,00:00.0,59:59.0,0,JB_BMS_DAILY
518,00:05.4,18:48.5,00:00.0,00:05.4,0,JB_BMS_DAILY
519,00:14.8,18:34.8,00:06.4,59:59.0,0,JB_BMS_DAILY
524,00:04.9,19:25.4,00:00.0,00:04.9,0,JB_BMS_DAILY
525,52:26.9,52:30.2,13:42.3,59:59.0,0,JB_MONTHLY_BUDGET_REVENUE
528,06:20.6,06:23.5,00:00.0,59:59.0,0,JB_MONTHLY_BUDGET_REVENUE
534,04:44.4,04:47.2,25:48.2,04:44.4,0,JB_MONTHLY_BUDGET_REVENUE
535,06:47.6,06:50.5,04:45.4,06:47.6,0,JB_MONTHLY_BUDGET_REVENUE
536,24:45.0,24:48.0,06:48.6,24:45.0,0,JB_MONTHLY_BUDGET_REVENUE
537,25:31.8,25:34.7,24:46.0,25:31.8,0,JB_MONTHLY_BUDGET_REVENUE
538,27:40.9,27:43.5,25:32.8,27:40.9,0,JB_MONTHLY_BUDGET_REVENUE
539,28:16.1,28:19.0,27:41.9,28:16.1,0,JB_MONTHLY_BUDGET_REVENUE
540,25:30.6,25:33.5,28:17.1,25:30.6,0,JB_MONTHLY_BUDGET_REVENUE
541,30:01.7,30:04.4,25:31.6,30:01.7,0,JB_MONTHLY_BUDGET_REVENUE
543,00:37.9,18:51.5,00:00.0,59:59.0,0,JB_BMS_DAILY
544,00:15.3,18:15.1,00:00.0,59:59.0,0,JB_BMS_DAILY
545,00:07.5,19:05.3,00:00.0,00:07.5,0,JB_BMS_DAILY
546,00:16.7,20:06.2,00:08.5,59:59.0,0,JB_BMS_DAILY
547,00:04.7,18:53.5,00:00.0,00:04.7,0,JB_BMS_DAILY
548,00:47.8,21:15.8,00:05.7,59:59.0,0,JB_BMS_DAILY
550,00:17.9,17:55.4,00:05.4,59:59.0,0,JB_BMS_DAILY
553,00:04.9,19:47.7,00:00.0,00:04.9,0,JB_BMS_DAILY
554,41:59.9,NULL,00:00.0,59:59.0,-1,JB_TAM_WEEKLY
560,00:36.3,20:25.4,00:06.7,59:59.0,0,JB_BMS_DAILY
561,00:05.2,18:42.2,00:00.0,00:05.2,0,JB_BMS_DAILY
564,00:21.8,18:39.2,00:06.2,59:59.0,0,JB_BMS_DAILY
565,00:04.8,19:20.0,00:00.0,00:04.8,0,JB_BMS_DAILY
567,40:07.0,40:10.1,30:02.7,59:59.0,0,JB_MONTHLY_BUDGET_REVENUE
18,42:27.8,NULL,01:28.7,42:27.8,-1,JB_TAM_WEEKLY
25,54:42.9,28:56.4,01:28.7,59:59.0,0,JB_TAM_WEEKLY
34,31:36.9,52:14.2,00:00.0,31:36.9,0,JB_TAM_WEEKLY
40,00:29.8,00:32.4,00:00.0,59:59.0,0,JB_MONTHLY_BUDGET_REVENUE
63,35:06.6,01:38.0,09:07.0,35:06.6,0,JB_TAM_WEEKLY
66,02:45.0,02:47.9,23:36.0,59:59.0,0,JB_MONTHLY_BUDGET_REVENUE
135,52:29.2,32:43.1,28:30.5,59:59.0,0,JB_TAM_WEEKLY
153,28:29.1,55:22.6,59:03.1,59:59.0,0,JB_TAM_WEEKLY
223,01:00.9,18:10.9,00:00.0,59:59.0,0,JB_BMS_DAILY
242,11:17.6,NULL,00:00.0,59:59.0,-1,JB_TAM_WEEKLY
252,00:27.0,17:38.4,59:50.9,59:59.0,0,JB_BMS_DAILY
278,00:31.0,17:35.2,00:00.0,59:59.0,0,JB_BMS_DAILY
292,00:42.7,18:08.0,00:00.0,59:59.0,0,JB_BMS_DAILY
293,01:08.2,17:57.1,00:00.0,59:59.0,0,JB_BMS_DAILY
296,00:51.0,17:29.6,00:00.0,59:59.0,0,JB_BMS_DAILY
310,20:02.5,33:28.5,00:00.0,59:59.0,0,JB_TAM_WEEKLY
345,01:02.5,19:25.0,00:00.0,59:59.0,0,JB_BMS_DAILY
361,33:20.8,48:01.9,00:00.0,59:59.0,0,JB_TAM_WEEKLY
393,00:59.9,19:56.5,00:00.0,59:59.0,0,JB_BMS_DAILY
398,00:21.7,17:30.4,00:08.6,59:59.0,0,JB_BMS_DAILY
427,00:04.8,16:50.6,00:00.0,00:04.8,0,JB_BMS_DAILY
449,00:07.9,17:39.7,00:00.0,00:07.9,0,JB_BMS_DAILY
459,00:57.8,18:27.5,00:00.0,59:59.0,0,JB_BMS_DAILY
469,00:38.8,19:59.5,00:05.7,59:59.0,0,JB_BMS_DAILY
476,00:38.8,19:58.1,00:06.3,59:59.0,0,JB_BMS_DAILY
502,01:03.3,23:14.7,00:05.8,59:59.0,0,JB_BMS_DAILY
571,00:50.6,19:41.0,00:00.0,59:59.0,0,JB_BMS_DAILY
573,00:04.3,19:25.6,00:00.0,00:04.3,0,JB_BMS_DAILY
574,00:16.5,21:11.5,00:05.3,59:59.0,0,JB_BMS_DAILY
575,00:04.6,19:09.0,00:00.0,00:04.6,0,JB_BMS_DAILY
579,00:19.7,21:12.7,00:05.8,59:59.0,0,JB_BMS_DAILY
580,00:04.8,18:51.5,00:00.0,00:04.8,0,JB_BMS_DAILY
581,43:50.1,26:09.1,00:00.0,59:59.0,0,JB_TAM_WEEKLY
582,00:52.0,21:02.2,00:05.8,59:59.0,0,JB_BMS_DAILY
584,00:21.6,23:32.5,00:07.9,59:59.0,0,JB_BMS_DAILY
586,00:18.0,18:24.4,00:00.0,59:59.0,0,JB_BMS_DAILY
588,00:38.7,20:57.8,00:06.8,59:59.0,0,JB_BMS_DAILY
589,00:04.7,18:53.5,00:00.0,00:04.7,0,JB_BMS_DAILY
593,00:57.1,19:28.8,00:00.0,59:59.0,0,JB_BMS_DAILY
595,04:25.1,25:15.3,00:00.0,59:59.0,0,JB_BMS_DAILY
597,00:31.9,18:48.0,42:11.0,59:59.0,0,JB_BMS_DAILY
598,01:10.0,19:26.4,00:00.0,59:59.0,0,JB_BMS_DAILY
599,22:08.6,NULL,00:00.0,22:08.6,-1,JB_BMS_DAILY
600,44:53.7,06:01.5,00:00.0,44:53.7,0,JB_BMS_DAILY
601,01:06.7,20:31.5,44:54.7,59:59.0,0,JB_BMS_DAILY
604,00:26.8,21:02.8,00:00.0,59:59.0,0,JB_BMS_DAILY
605,00:19.7,19:36.3,00:00.0,59:59.0,0,JB_BMS_DAILY
607,00:48.7,20:16.6,00:00.0,59:59.0,0,JB_BMS_DAILY
609,00:09.1,19:23.8,00:00.0,59:59.0,0,JB_BMS_DAILY
611,00:23.2,19:01.1,00:00.0,00:23.2,0,JB_BMS_DAILY
616,00:19.1,20:38.7,00:00.0,59:59.0,0,JB_BMS_DAILY
618,00:40.4,20:55.4,00:00.0,59:59.0,0,JB_BMS_DAILY
620,00:18.1,21:34.7,00:00.0,59:59.0,0,JB_BMS_DAILY
621,39:49.8,36:04.7,00:00.0,59:59.0,0,JB_TAM_WEEKLY
622,00:23.0,23:24.7,00:00.0,59:59.0,0,JB_BMS_DAILY
624,00:17.1,20:50.6,00:00.0,59:59.0,0,JB_BMS_DAILY
627,00:17.8,20:41.5,00:00.0,59:59.0,0,JB_BMS_DAILY
629,00:16.1,20:19.2,40:03.3,59:59.0,0,JB_BMS_DAILY
630,00:24.9,20:38.2,00:00.0,59:59.0,0,JB_BMS_DAILY
631,53:51.6,49:39.5,00:00.0,59:59.0,0,JB_TAM_WEEKLY
632,46:20.3,09:13.2,00:00.0,46:20.3,0,JB_BMS_DAILY
634,00:14.1,21:38.3,00:00.0,59:59.0,0,JB_BMS_DAILY
638,00:33.3,20:20.5,00:00.0,59:59.0,0,JB_BMS_DAILY
640,00:28.9,22:39.6,00:00.0,59:59.0,0,JB_BMS_DAILY
642,00:34.1,13:24.8,00:00.0,59:59.0,0,JB_BMS_DAILY
646,00:18.9,20:52.0,00:00.0,59:59.0,0,JB_BMS_DAILY
648,00:19.8,24:17.0,00:00.0,59:59.0,0,JB_BMS_DAILY
652,00:26.3,24:17.5,00:00.0,59:59.0,0,JB_BMS_DAILY
654,00:51.8,22:56.0,00:00.0,59:59.0,0,JB_BMS_DAILY
655,00:44.1,23:06.8,00:00.0,59:59.0,0,JB_BMS_DAILY
656,00:44.0,23:10.4,00:00.0,59:59.0,0,JB_BMS_DAILY
657,41:37.7,37:36.1,00:00.0,59:59.0,0,JB_TAM_WEEKLY
658,00:27.7,29:36.7,00:00.0,59:59.0,0,JB_BMS_DAILY
663,00:52.3,23:51.9,00:00.0,59:59.0,0,JB_BMS_DAILY
665,00:19.5,26:06.9,00:00.0,59:59.0,0,JB_BMS_DAILY
666,00:51.6,25:33.9,00:00.0,59:59.0,0,JB_BMS_DAILY
671,00:53.3,23:52.3,00:00.0,59:59.0,0,JB_BMS_DAILY
672,26:29.3,26:47.8,00:00.0,59:59.0,0,JB_TAM_WEEKLY
673,00:28.1,26:11.0,00:00.0,59:59.0,0,JB_BMS_DAILY
675,00:15.9,22:58.9,00:00.0,59:59.0,0,JB_BMS_DAILY
676,00:55.6,22:53.1,00:00.0,59:59.0,0,JB_BMS_DAILY
677,01:00.3,25:24.9,00:00.0,59:59.0,0,JB_BMS_DAILY
680,29:28.3,27:38.2,00:00.0,59:59.0,0,JB_TAM_WEEKLY
683,00:43.2,22:53.4,00:00.0,59:59.0,0,JB_BMS_DAILY
690,00:36.7,26:23.9,00:00.0,59:59.0,0,JB_BMS_DAILY
693,15:34.9,15:38.9,56:19.5,15:34.9,0,JB_BMS_DAILY
697,32:18.7,33:09.2,23:16.8,32:18.7,0,JB_BMS_DAILY
699,00:18.6,24:41.9,00:00.0,59:59.0,0,JB_BMS_DAILY
700,00:38.7,24:16.8,00:00.0,59:59.0,0,JB_BMS_DAILY
701,00:22.7,24:00.1,00:00.0,59:59.0,0,JB_BMS_DAILY
703,00:23.3,24:03.6,41:35.1,59:59.0,0,JB_BMS_DAILY
705,56:12.2,56:15.3,00:00.0,59:59.0,0,JB_MONTHLY_BUDGET_REVENUE
707,46:26.2,42:12.4,00:00.0,59:59.0,0,JB_TAM_WEEKLY
708,00:17.8,26:05.4,00:00.0,59:59.0,0,JB_BMS_DAILY
710,00:52.7,24:12.6,00:00.0,59:59.0,0,JB_BMS_DAILY
711,00:36.1,24:41.5,00:00.0,59:59.0,0,JB_BMS_DAILY
713,00:18.7,23:48.2,41:27.1,59:59.0,0,JB_BMS_DAILY
716,58:10.1,58:13.0,00:00.0,59:59.0,0,JB_MONTHLY_BUDGET_REVENUE
717,00:22.8,00:29.0,36:07.9,00:22.8,0,JB_BMS_DAILY
718,00:24.6,24:07.5,00:23.8,59:59.0,0,JB_BMS_DAILY
723,00:42.4,23:59.3,00:00.0,59:59.0,0,JB_BMS_DAILY
724,00:39.9,23:09.9,00:00.0,59:59.0,0,JB_BMS_DAILY
725,00:44.4,23:54.7,00:00.0,59:59.0,0,JB_BMS_DAILY
726,00:45.2,26:05.0,00:00.0,59:59.0,0,JB_BMS_DAILY
727,28:06.4,24:35.4,00:00.0,59:59.0,0,JB_TAM_WEEKLY
729,00:33.5,24:20.8,00:00.0,59:59.0,0,JB_BMS_DAILY
730,00:51.5,25:49.5,00:00.0,59:59.0,0,JB_BMS_DAILY
734,51:00.0,21:13.8,00:00.0,59:59.0,0,JB_BMS_DAILY
746,30:11.7,00:35.4,00:00.0,59:59.0,0,JB_BMS_DAILY
765,35:57.3,04:41.4,00:00.0,59:59.0,0,JB_BMS_DAILY
826,30:09.1,02:14.6,00:00.0,59:59.0,0,JB_BMS_DAILY
831,23:02.0,23:07.1,12:55.3,59:59.0,0,JB_MONTHLY_BUDGET_REVENUE
832,40:38.2,40:43.9,00:00.0,40:38.2,0,JB_MONTHLY_BUDGET_REVENUE
846,30:09.0,01:17.2,00:00.0,59:59.0,0,JB_BMS_DAILY
847,56:53.9,09:56.4,30:36.3,59:59.0,0,JB_TAM_WEEKLY
857,04:16.1,33:21.8,00:12.6,59:59.0,0,JB_BMS_DAILY
860,30:06.5,NULL,00:00.0,30:06.5,-1,JB_BMS_DAILY
26,30:08.5,NULL,00:00.0,30:08.5,-1,JB_TAM_WEEKLY
41,15:07.0,15:09.9,00:00.0,59:59.0,0,JB_MONTHLY_BUDGET_GRP
64,18:19.0,48:48.2,35:07.6,18:19.0,0,JB_TAM_WEEKLY
84,11:24.8,39:18.8,40:54.6,11:24.8,0,JB_TAM_WEEKLY
85,10:52.9,30:50.6,11:25.8,10:52.9,0,JB_TAM_WEEKLY
97,22:02.6,46:20.8,00:00.0,22:02.6,0,JB_TAM_WEEKLY
120,14:03.9,56:15.8,40:55.9,14:03.9,0,JB_TAM_WEEKLY
143,47:16.9,53:56.4,00:00.0,47:16.9,0,JB_BMS_DAILY
145,25:47.3,53:51.7,33:22.2,59:59.0,0,JB_TAM_WEEKLY
194,00:40.1,18:24.7,00:00.0,59:59.0,0,JB_BMS_DAILY
195,00:58.6,18:33.5,00:00.0,59:59.0,0,JB_BMS_DAILY
202,00:28.7,18:35.3,00:00.0,59:59.0,0,JB_BMS_DAILY
207,34:19.0,NULL,06:11.1,59:59.0,-1,JB_TAM_WEEKLY
213,43:46.7,NULL,06:11.1,59:59.0,-1,JB_TAM_WEEKLY
226,00:38.8,17:13.5,00:00.0,59:59.0,0,JB_BMS_DAILY
237,00:26.0,19:03.5,00:00.0,59:59.0,0,JB_BMS_DAILY
246,00:53.4,18:49.5,00:00.0,59:59.0,0,JB_BMS_DAILY
301,01:00.0,18:02.5,00:00.0,59:59.0,0,JB_BMS_DAILY
307,00:36.0,18:56.1,00:00.0,59:59.0,0,JB_BMS_DAILY
312,00:45.9,18:36.2,00:00.0,59:59.0,0,JB_BMS_DAILY
315,00:42.2,19:35.4,00:00.0,59:59.0,0,JB_BMS_DAILY
332,00:40.2,17:43.8,00:00.0,59:59.0,0,JB_BMS_DAILY
340,00:49.4,18:25.8,00:00.0,59:59.0,0,JB_BMS_DAILY
353,42:49.3,54:19.7,00:00.0,59:59.0,0,JB_TAM_WEEKLY
373,00:42.6,18:24.1,00:00.0,59:59.0,0,JB_BMS_DAILY
376,50:04.0,07:46.7,00:00.0,50:04.0,0,JB_BMS_DAILY
404,00:05.9,17:24.4,00:00.0,00:05.9,0,JB_BMS_DAILY
405,00:40.9,19:15.0,00:06.9,59:59.0,0,JB_BMS_DAILY
410,00:05.2,17:21.0,00:00.0,00:05.2,0,JB_BMS_DAILY
412,00:05.9,17:11.7,00:00.0,00:05.9,0,JB_BMS_DAILY
420,00:13.1,17:13.8,00:00.0,59:59.0,0,JB_BMS_DAILY
447,00:05.7,17:36.0,00:00.0,00:05.7,0,JB_BMS_DAILY
461,00:50.8,20:04.0,00:06.6,59:59.0,0,JB_BMS_DAILY
485,00:08.4,19:31.5,00:00.0,00:08.4,0,JB_BMS_DAILY
495,01:09.2,20:01.0,00:06.0,59:59.0,0,JB_BMS_DAILY
504,01:01.8,19:01.3,00:00.0,59:59.0,0,JB_BMS_DAILY
521,00:46.3,18:56.1,00:05.5,59:59.0,0,JB_BMS_DAILY
549,00:04.4,18:19.3,00:00.0,00:04.4,0,JB_BMS_DAILY
563,00:05.2,18:51.2,00:00.0,00:05.2,0,JB_BMS_DAILY
585,00:19.3,19:04.1,00:00.0,59:59.0,0,JB_BMS_DAILY
587,00:05.8,19:08.0,00:00.0,00:05.8,0,JB_BMS_DAILY
590,00:54.5,22:43.7,00:05.7,00:54.5,0,JB_BMS_DAILY
602,41:39.1,08:45.1,00:00.0,59:59.0,0,JB_TAM_WEEKLY
603,00:20.9,19:56.0,00:00.0,59:59.0,0,JB_BMS_DAILY
637,00:17.1,20:26.8,00:00.0,59:59.0,0,JB_BMS_DAILY
669,00:37.1,22:35.0,00:00.0,59:59.0,0,JB_BMS_DAILY
698,00:24.6,24:28.9,32:19.7,59:59.0,0,JB_BMS_DAILY
720,00:55.6,24:53.8,00:00.0,59:59.0,0,JB_BMS_DAILY
732,00:41.5,22:05.0,00:00.0,59:59.0,0,JB_BMS_DAILY
741,34:49.8,40:15.4,00:00.0,59:59.0,0,JB_TAM_WEEKLY
743,25:31.2,25:35.7,43:29.6,25:31.2,0,JB_BMS_DAILY
751,30:09.5,01:06.5,00:00.0,59:59.0,0,JB_BMS_DAILY
752,31:55.6,NULL,00:00.0,59:59.0,-1,JB_TAM_WEEKLY
756,30:08.3,00:44.0,00:00.0,59:59.0,0,JB_BMS_DAILY
779,21:09.1,21:13.4,07:33.8,21:09.1,0,JB_BMS_DAILY
786,51:52.1,NULL,00:00.0,59:59.0,-1,JB_TAM_WEEKLY
813,40:49.1,34:41.5,23:20.5,40:49.1,0,JB_TAM_WEEKLY
821,30:08.6,02:59.0,00:00.0,59:59.0,0,JB_BMS_DAILY
830,06:21.8,34:27.8,00:00.0,59:59.0,0,JB_BMS_DAILY
833,30:08.0,03:13.5,00:00.0,59:59.0,0,JB_BMS_DAILY
835,36:31.7,33:45.0,00:00.0,59:59.0,0,JB_TAM_WEEKLY
855,36:46.2,05:05.5,09:48.6,59:59.0,0,JB_BMS_DAILY
866,30:06.6,58:26.4,00:00.0,30:06.6,0,JB_BMS_DAILY
869,30:06.4,00:40.1,00:00.0,59:59.0,0,JB_BMS_DAILY
873,30:07.5,NULL,30:07.8,59:59.0,-1,JB_BMS_DAILY
874,30:06.5,NULL,30:07.8,59:59.0,-1,JB_BMS_DAILY
876,30:06.8,NULL,30:07.8,59:59.0,-1,JB_BMS_DAILY
878,36:17.2,42:57.7,30:49.6,59:59.0,0,JB_TAM_WEEKLY
880,49:46.0,02:51.2,00:00.0,49:46.0,0,JB_TAM_WEEKLY
881,09:06.5,16:03.8,49:47.0,09:06.5,0,JB_TAM_WEEKLY
882,30:07.6,00:14.4,00:00.0,59:59.0,0,JB_BMS_DAILY
885,23:25.4,23:31.7,09:59.6,23:25.4,0,JB_BMS_DAILY
886,30:49.8,30:56.3,23:26.4,30:49.8,0,JB_BMS_DAILY
889,57:07.4,57:13.1,45:12.0,57:07.4,0,JB_BMS_DAILY
893,30:05.6,57:21.3,00:00.0,30:05.6,0,JB_BMS_DAILY
895,30:07.1,01:59.2,20:09.9,59:59.0,0,JB_BMS_DAILY
896,30:05.6,57:43.6,00:00.0,30:05.6,0,JB_BMS_DAILY
899,30:06.8,59:34.8,30:07.4,59:59.0,0,JB_BMS_DAILY
902,30:09.0,59:32.8,30:08.0,59:59.0,0,JB_BMS_DAILY
904,30:08.2,58:50.5,30:07.9,59:59.0,0,JB_BMS_DAILY
912,30:07.0,56:47.6,00:00.0,30:07.0,0,JB_BMS_DAILY
919,11:52.0,NULL,00:00.0,59:59.0,-1,JB_TAM_WEEKLY
924,30:07.8,01:04.3,01:05.7,59:59.0,0,JB_BMS_DAILY
925,30:06.8,00:40.6,00:00.0,59:59.0,0,JB_BMS_DAILY
926,30:05.9,00:24.1,00:00.0,59:59.0,0,JB_BMS_DAILY
928,30:09.1,01:08.0,30:07.5,59:59.0,0,JB_BMS_DAILY
930,30:08.5,00:59.0,30:07.2,59:59.0,0,JB_BMS_DAILY
932,17:11.0,19:03.6,30:07.8,17:11.0,0,JB_BMS_DAILY
935,17:39.8,38:32.4,00:00.0,59:59.0,0,JB_TAM_WEEKLY
944,30:04.7,53:59.1,00:00.0,30:04.7,0,JB_BMS_DAILY
945,30:06.9,56:48.6,30:05.7,59:59.0,0,JB_BMS_DAILY
948,30:05.2,54:41.0,00:00.0,30:05.2,0,JB_BMS_DAILY
953,30:05.5,53:06.5,00:00.0,59:59.0,0,JB_BMS_DAILY
955,30:05.1,51:15.8,00:00.0,30:05.1,0,JB_BMS_DAILY
956,30:05.1,54:14.0,30:06.1,59:59.0,0,JB_BMS_DAILY
960,30:05.0,53:59.2,30:06.2,59:59.0,0,JB_BMS_DAILY
961,30:05.0,52:52.0,00:00.0,30:05.0,0,JB_BMS_DAILY
963,30:04.9,53:47.3,00:00.0,30:04.9,0,JB_BMS_DAILY
965,30:05.0,54:55.9,30:05.9,59:59.0,0,JB_BMS_DAILY
966,44:04.1,08:35.5,00:00.0,59:59.0,0,JB_BMS_DAILY
967,30:05.4,56:08.7,00:00.0,59:59.0,0,JB_BMS_DAILY
968,30:05.0,52:28.8,00:00.0,30:05.0,0,JB_BMS_DAILY
969,30:05.7,55:04.5,30:06.0,59:59.0,0,JB_BMS_DAILY
976,30:05.2,53:59.5,30:06.0,59:59.0,0,JB_BMS_DAILY
977,30:05.1,53:20.9,00:00.0,59:59.0,0,JB_BMS_DAILY
978,30:05.0,55:05.9,00:00.0,59:59.0,0,JB_BMS_DAILY
981,30:04.9,55:00.2,00:00.0,30:04.9,0,JB_BMS_DAILY
982,30:05.4,55:25.0,30:05.8,59:59.0,0,JB_BMS_DAILY
983,30:05.1,53:19.4,00:00.0,30:05.1,0,JB_BMS_DAILY
987,30:05.3,56:02.2,30:06.1,59:59.0,0,JB_BMS_DAILY
989,49:57.0,59:22.0,00:00.0,59:59.0,0,JB_TAM_WEEKLY
990,02:52.6,07:24.0,00:00.0,02:52.6,0,JB_TAM_WEEKLY
991,16:53.3,16:56.5,00:00.0,59:59.0,0,JB_MONTHLY_BUDGET_REVENUE
992,24:51.9,24:55.1,00:00.0,24:51.9,0,JB_MONTHLY_BUDGET_REVENUE
993,30:04.9,56:41.7,30:06.1,59:59.0,0,JB_BMS_DAILY
994,30:05.3,55:15.2,00:00.0,59:59.0,0,JB_BMS_DAILY
995,30:05.1,55:35.1,00:00.0,59:59.0,0,JB_BMS_DAILY
996,30:05.6,53:55.5,00:00.0,30:05.6,0,JB_BMS_DAILY
36,42:00.4,06:14.4,10:46.4,42:00.4,0,JB_TAM_WEEKLY
76,50:04.1,52:55.0,00:00.0,59:59.0,0,JB_TAM_WEEKLY
106,30:06.1,02:13.0,50:45.2,30:06.1,0,JB_TAM_WEEKLY
180,01:08.3,18:00.7,00:00.0,59:59.0,0,JB_BMS_DAILY
190,01:07.9,20:21.9,00:00.0,59:59.0,0,JB_BMS_DAILY
197,00:23.9,19:01.0,00:00.0,59:59.0,0,JB_BMS_DAILY
239,00:51.0,17:44.2,00:00.0,59:59.0,0,JB_BMS_DAILY
244,00:48.7,18:23.0,00:00.0,59:59.0,0,JB_BMS_DAILY
247,00:25.0,17:28.0,00:00.0,59:59.0,0,JB_BMS_DAILY
287,00:14.2,18:09.4,00:00.0,59:59.0,0,JB_BMS_DAILY
308,00:46.3,19:16.2,00:00.0,59:59.0,0,JB_BMS_DAILY
328,00:51.2,18:27.7,00:00.0,59:59.0,0,JB_BMS_DAILY
350,28:38.9,48:24.1,00:00.0,28:38.9,0,JB_BMS_DAILY
352,00:40.5,18:39.6,00:00.0,59:59.0,0,JB_BMS_DAILY
364,01:06.3,18:39.3,00:00.0,59:59.0,0,JB_BMS_DAILY
367,01:01.3,18:17.6,00:00.0,59:59.0,0,JB_BMS_DAILY
383,00:30.7,18:17.0,00:00.0,59:59.0,0,JB_BMS_DAILY
435,00:43.8,20:59.4,00:07.3,59:59.0,0,JB_BMS_DAILY
443,00:05.0,17:53.9,00:00.0,00:05.0,0,JB_BMS_DAILY
451,00:05.2,17:50.0,00:00.0,00:05.2,0,JB_BMS_DAILY
455,00:59.7,22:17.4,00:05.7,59:59.0,0,JB_BMS_DAILY
466,00:04.7,18:48.5,00:00.0,00:04.7,0,JB_BMS_DAILY
484,00:32.4,19:09.5,00:05.9,59:59.0,0,JB_BMS_DAILY
488,00:05.4,18:50.3,00:00.0,00:05.4,0,JB_BMS_DAILY
503,01:10.1,19:42.1,00:00.0,59:59.0,0,JB_BMS_DAILY
555,15:00.7,33:30.7,00:00.0,59:59.0,0,JB_TAM_WEEKLY
558,00:54.6,19:13.7,00:00.0,59:59.0,0,JB_BMS_DAILY
559,00:05.7,19:42.7,00:00.0,00:05.7,0,JB_BMS_DAILY
576,41:43.8,08:43.2,00:05.6,41:43.8,0,JB_BMS_DAILY
591,00:55.3,20:30.9,00:55.5,59:59.0,0,JB_BMS_DAILY
625,00:46.7,21:15.3,00:00.0,59:59.0,0,JB_BMS_DAILY
667,00:43.8,23:19.9,00:00.0,59:59.0,0,JB_BMS_DAILY
685,00:21.6,25:57.0,00:00.0,59:59.0,0,JB_BMS_DAILY
702,41:34.1,42:24.2,00:00.0,41:34.1,0,JB_BMS_DAILY
714,29:45.2,29:48.2,00:00.0,29:45.2,0,JB_BMS_DAILY
715,36:06.9,36:13.2,29:46.2,36:06.9,0,JB_BMS_DAILY
719,37:06.4,36:28.1,00:00.0,59:59.0,0,JB_TAM_WEEKLY
728,00:33.5,NULL,00:00.0,59:59.0,-1,JB_BMS_DAILY
759,30:08.6,03:49.6,00:00.0,59:59.0,0,JB_BMS_DAILY
792,30:07.8,01:45.7,00:00.0,59:59.0,0,JB_BMS_DAILY
812,23:19.5,59:41.5,00:00.0,23:19.5,0,JB_TAM_WEEKLY
837,30:08.9,02:57.8,00:00.0,59:59.0,0,JB_BMS_DAILY
839,30:06.5,59:35.0,00:00.0,59:59.0,0,JB_BMS_DAILY
851,16:14.3,25:36.8,00:00.0,16:14.3,0,JB_TAM_WEEKLY
854,36:01.7,37:59.4,13:35.4,36:01.7,0,JB_TAM_WEEKLY
877,28:09.1,NULL,30:49.6,59:59.0,-1,JB_TAM_WEEKLY
879,19:34.4,49:07.1,30:07.8,59:59.0,0,JB_BMS_DAILY
884,09:58.6,10:04.8,30:08.2,09:58.6,0,JB_BMS_DAILY
887,35:49.9,35:55.3,30:50.8,35:49.9,0,JB_BMS_DAILY
898,30:06.4,57:15.7,00:00.0,30:06.4,0,JB_BMS_DAILY
907,30:08.4,56:42.0,00:00.0,30:08.4,0,JB_BMS_DAILY
908,30:07.9,NULL,30:09.4,59:59.0,-1,JB_BMS_DAILY
915,30:08.9,57:05.9,00:00.0,30:08.9,0,JB_BMS_DAILY
933,30:06.3,56:16.8,17:12.0,59:59.0,0,JB_BMS_DAILY
937,30:05.2,54:44.2,00:00.0,30:05.2,0,JB_BMS_DAILY
938,30:05.4,55:47.3,30:06.2,59:59.0,0,JB_BMS_DAILY
941,30:05.0,55:25.8,00:00.0,30:05.0,0,JB_BMS_DAILY
952,30:05.8,56:22.0,30:06.0,59:59.0,0,JB_BMS_DAILY
958,30:05.8,54:35.9,30:06.1,59:59.0,0,JB_BMS_DAILY
962,30:05.0,56:05.6,30:06.0,59:59.0,0,JB_BMS_DAILY
975,30:05.0,52:55.2,00:00.0,30:05.0,0,JB_BMS_DAILY
985,30:05.1,55:35.1,00:00.0,30:05.1,0,JB_BMS_DAILY
988,30:05.1,55:18.1,00:00.0,30:05.1,0,JB_BMS_DAILY
997,30:05.8,54:13.5,30:06.6,59:59.0,0,JB_BMS_DAILY
998,30:05.4,53:57.8,00:00.0,30:05.4,0,JB_BMS_DAILY
1001,30:07.4,55:01.9,30:06.5,59:59.0,0,JB_BMS_DAILY
1003,12:42.5,28:30.9,02:53.6,59:59.0,0,JB_TAM_WEEKLY
1004,30:10.7,54:14.7,30:09.2,59:59.0,0,JB_BMS_DAILY
1007,30:05.7,55:06.6,00:00.0,59:59.0,0,JB_BMS_DAILY
1011,30:05.3,54:39.1,00:00.0,30:05.3,0,JB_BMS_DAILY
1015,30:05.6,54:07.6,00:00.0,30:05.6,0,JB_BMS_DAILY
1017,30:05.8,56:52.7,30:06.6,59:59.0,0,JB_BMS_DAILY
1018,30:05.4,54:56.3,00:00.0,30:05.4,0,JB_BMS_DAILY
1019,30:05.8,56:27.1,30:06.4,59:59.0,0,JB_BMS_DAILY
1020,30:05.3,54:09.0,00:00.0,59:59.0,0,JB_BMS_DAILY
1021,30:05.3,55:53.6,00:00.0,59:59.0,0,JB_BMS_DAILY
1022,30:06.0,53:46.6,00:00.0,30:06.0,0,JB_BMS_DAILY
1024,30:05.2,53:16.6,00:00.0,30:05.2,0,JB_BMS_DAILY
1025,30:07.2,54:05.2,30:06.2,59:59.0,0,JB_BMS_DAILY
1027,30:05.8,54:13.4,30:06.3,59:59.0,0,JB_BMS_DAILY
1033,30:05.6,54:50.8,00:00.0,59:59.0,0,JB_BMS_DAILY
1034,30:05.5,55:38.6,00:00.0,59:59.0,0,JB_BMS_DAILY
1037,30:05.3,53:37.7,00:00.0,30:05.3,0,JB_BMS_DAILY
1044,30:05.3,57:23.4,11:53.6,59:59.0,0,JB_BMS_DAILY
1045,30:05.4,55:52.5,00:00.0,30:05.4,0,JB_BMS_DAILY
1049,30:05.9,55:33.1,00:00.0,30:05.9,0,JB_BMS_DAILY
1052,30:05.0,57:27.4,00:00.0,59:59.0,0,JB_BMS_DAILY
1053,30:05.9,NULL,00:00.0,30:05.9,-1,JB_BMS_DAILY
1055,30:05.3,54:32.5,00:00.0,30:05.3,0,JB_BMS_DAILY
1056,30:05.7,56:07.1,30:06.3,59:59.0,0,JB_BMS_DAILY
1059,30:05.5,55:37.4,00:00.0,30:05.5,0,JB_BMS_DAILY
1060,02:14.9,11:51.9,00:00.0,59:59.0,0,JB_TAM_WEEKLY
1062,57:27.6,57:32.1,54:12.4,57:27.6,0,JB_BMS_DAILY
1063,30:05.7,57:08.4,57:28.6,59:59.0,0,JB_BMS_DAILY
1068,30:12.0,23:13.7,00:00.0,59:59.0,0,JB_BMS_DAILY
1071,16:37.9,34:03.4,00:00.0,16:37.9,0,JB_BMS_DAILY
1073,30:46.8,42:45.8,00:00.0,59:59.0,0,JB_BMS_DAILY
1077,31:16.5,02:12.2,00:00.0,59:59.0,0,JB_BMS_DAILY
1081,30:57.4,42:02.8,00:00.0,59:59.0,0,JB_BMS_DAILY
1088,31:45.2,55:08.7,00:00.0,59:59.0,0,JB_BMS_DAILY
1089,31:40.1,46:08.7,00:00.0,59:59.0,0,JB_BMS_DAILY
1091,40:42.4,30:46.3,00:00.0,59:59.0,0,JB_TAM_WEEKLY
1096,27:48.0,27:52.4,00:00.0,59:59.0,0,JB_MONTHLY_BUDGET_REVENUE
1098,31:33.0,58:38.8,00:00.0,59:59.0,0,JB_BMS_DAILY
1105,31:23.7,14:54.2,00:00.0,59:59.0,0,JB_BMS_DAILY
1107,30:12.4,17:01.8,00:00.0,59:59.0,0,JB_BMS_DAILY
1109,31:25.4,14:09.8,00:00.0,59:59.0,0,JB_BMS_DAILY
1111,31:56.4,59:43.2,00:00.0,59:59.0,0,JB_BMS_DAILY
1113,31:42.8,02:25.0,00:00.0,59:59.0,0,JB_BMS_DAILY
1116,12:56.5,13:03.2,00:00.0,59:59.0,0,JB_MONTHLY_BUDGET_REVENUE
1118,53:28.9,54:51.4,00:00.0,59:59.0,0,JB_TAM_WEEKLY
1122,44:13.3,47:55.5,00:00.0,59:59.0,0,JB_TAM_WEEKLY
1125,56:43.2,NULL,00:00.0,59:59.0,-1,JB_TAM_WEEKLY
1126,57:07.3,NULL,00:00.0,59:59.0,-1,JB_TAM_WEEKLY
1129,28:46.5,34:03.4,58:57.0,59:59.0,0,JB_TAM_WEEKLY
1134,42:58.9,47:20.9,17:27.3,59:59.0,0,JB_TAM_WEEKLY
1135,32:25.9,37:05.5,00:00.0,59:59.0,0,JB_TAM_WEEKLY
1139,07:41.8,12:07.4,00:00.0,59:59.0,0,JB_TAM_WEEKLY
39,36:01.2,NULL,00:00.0,59:59.0,-1,JB_MONTHLY_BUDGET_REVENUE
67,54:53.6,09:07.4,00:00.0,59:59.0,0,JB_BMS_DAILY
72,03:09.5,43:39.4,14:42.1,59:59.0,0,JB_TAM_WEEKLY
80,10:31.0,36:23.4,00:00.0,10:31.0,0,JB_TAM_WEEKLY
175,00:16.2,20:45.4,00:00.0,59:59.0,0,JB_BMS_DAILY
177,00:16.8,17:54.1,54:27.3,59:59.0,0,JB_BMS_DAILY
236,00:38.9,17:29.2,00:00.0,59:59.0,0,JB_BMS_DAILY
269,01:03.0,17:18.3,00:00.0,59:59.0,0,JB_BMS_DAILY
277,00:41.5,17:15.0,00:00.0,59:59.0,0,JB_BMS_DAILY
279,00:21.2,18:33.0,00:00.0,59:59.0,0,JB_BMS_DAILY
282,00:56.6,17:52.9,00:00.0,59:59.0,0,JB_BMS_DAILY
290,00:44.5,17:05.0,00:00.0,59:59.0,0,JB_BMS_DAILY
297,00:14.3,17:36.1,00:00.0,59:59.0,0,JB_BMS_DAILY
309,00:44.7,17:40.6,00:00.0,59:59.0,0,JB_BMS_DAILY
321,01:00.7,22:33.9,00:00.0,59:59.0,0,JB_BMS_DAILY
335,00:52.2,18:52.5,00:00.0,59:59.0,0,JB_BMS_DAILY
351,00:44.0,18:43.8,28:39.9,59:59.0,0,JB_BMS_DAILY
357,00:36.7,18:05.7,00:00.0,59:59.0,0,JB_BMS_DAILY
363,00:39.1,18:04.8,00:00.0,59:59.0,0,JB_BMS_DAILY
389,15:25.1,37:46.9,00:00.0,59:59.0,0,JB_TAM_WEEKLY
394,00:50.4,18:26.9,00:00.0,59:59.0,0,JB_BMS_DAILY
402,32:10.9,43:49.7,00:00.0,59:59.0,0,JB_TAM_WEEKLY
408,00:06.8,17:18.1,00:00.0,00:06.8,0,JB_BMS_DAILY
425,00:03.2,16:38.4,00:00.0,00:03.2,0,JB_BMS_DAILY
453,00:04.7,17:34.8,00:00.0,00:04.7,0,JB_BMS_DAILY
463,30:34.8,44:26.2,00:00.0,59:59.0,0,JB_TAM_WEEKLY
487,01:04.6,18:54.3,00:09.4,59:59.0,0,JB_BMS_DAILY
512,00:04.3,18:45.2,00:00.0,00:04.3,0,JB_BMS_DAILY
562,00:18.6,19:57.0,00:06.2,59:59.0,0,JB_BMS_DAILY
568,00:31.0,20:20.2,00:05.8,59:59.0,0,JB_BMS_DAILY
594,38:30.6,34:39.3,00:00.0,59:59.0,0,JB_TAM_WEEKLY
606,00:50.7,20:06.7,00:00.0,59:59.0,0,JB_BMS_DAILY
608,00:20.9,NULL,00:00.0,59:59.0,-1,JB_BMS_DAILY
623,00:40.4,22:10.7,00:00.0,59:59.0,0,JB_BMS_DAILY
639,20:20.4,54:17.8,00:00.0,59:59.0,0,JB_TAM_WEEKLY
641,00:18.9,21:04.7,00:00.0,59:59.0,0,JB_BMS_DAILY
651,00:19.0,21:20.7,00:00.0,59:59.0,0,JB_BMS_DAILY
682,00:49.5,23:58.5,00:00.0,59:59.0,0,JB_BMS_DAILY
686,00:26.3,25:28.7,00:00.0,59:59.0,0,JB_BMS_DAILY
688,31:48.0,29:39.3,00:00.0,59:59.0,0,JB_TAM_WEEKLY
738,31:21.0,31:30.6,00:00.0,31:21.0,0,JB_BMS_DAILY
739,15:22.5,NULL,00:00.0,59:59.0,-1,JB_TAM_WEEKLY
795,30:10.2,03:45.9,00:00.0,59:59.0,0,JB_BMS_DAILY
890,30:07.8,00:48.0,57:08.4,59:59.0,0,JB_BMS_DAILY
905,30:13.4,59:57.8,00:00.0,59:59.0,0,JB_BMS_DAILY
917,30:06.7,00:11.8,30:09.9,59:59.0,0,JB_BMS_DAILY
927,30:06.5,58:30.8,00:00.0,30:06.5,0,JB_BMS_DAILY
980,30:04.9,54:04.5,30:06.1,59:59.0,0,JB_BMS_DAILY
1010,30:06.1,56:32.8,30:07.1,59:59.0,0,JB_BMS_DAILY
1029,44:44.5,54:12.4,00:00.0,59:59.0,0,JB_TAM_WEEKLY
1031,30:05.6,54:03.2,00:00.0,30:05.6,0,JB_BMS_DAILY
1041,00:05.8,NULL,24:52.9,59:59.0,-1,JB_MONTHLY_BUDGET_REVENUE
1042,11:52.6,45:31.9,30:09.7,11:52.6,0,JB_BMS_DAILY
1051,30:05.4,56:39.0,00:00.0,59:59.0,0,JB_BMS_DAILY
1054,30:05.1,55:59.8,00:00.0,59:59.0,0,JB_BMS_DAILY
1066,31:11.4,08:40.1,00:00.0,59:59.0,0,JB_BMS_DAILY
1075,53:22.4,19:11.5,00:00.0,59:59.0,0,JB_TAM_WEEKLY
1079,31:30.8,53:29.5,00:00.0,59:59.0,0,JB_BMS_DAILY
1080,31:23.6,45:41.2,00:00.0,59:59.0,0,JB_BMS_DAILY
1082,30:54.6,45:07.4,00:00.0,59:59.0,0,JB_BMS_DAILY
1086,31:32.4,07:22.9,00:00.0,59:59.0,0,JB_BMS_DAILY
1114,58:03.3,23:47.6,00:00.0,59:59.0,0,JB_TAM_WEEKLY
1120,56:58.7,18:02.4,03:46.1,59:59.0,0,JB_TAM_WEEKLY
1124,54:36.1,NULL,00:00.0,59:59.0,-1,JB_TAM_WEEKLY
1127,13:55.9,20:09.9,00:00.0,59:59.0,0,JB_TAM_WEEKLY
1130,41:32.9,41:37.5,00:00.0,59:59.0,0,JB_MONTHLY_BUDGET_REVENUE
1131,30:40.4,36:52.0,00:00.0,59:59.0,0,JB_TAM_WEEKLY
1132,58:08.6,03:27.3,00:00.0,59:59.0,0,JB_TAM_WEEKLY
1140,36:31.2,41:30.7,00:00.0,59:59.0,0,JB_TAM_WEEKLY
1144,15:21.7,15:25.1,00:00.0,59:59.0,0,JB_MONTHLY_BUDGET_REVENUE
1146,58:28.0,14:21.4,00:00.0,59:59.0,0,JB_TAM_WEEKLY
1148,22:02.1,29:53.5,18:39.9,59:59.0,0,JB_TAM_WEEKLY
1149,39:23.8,39:27.1,00:00.0,59:59.0,0,JB_MONTHLY_BUDGET_REVENUE
1152,36:57.8,37:01.1,00:00.0,59:59.0,0,JB_MONTHLY_BUDGET_REVENUE
1153,43:23.1,59:17.3,00:00.0,59:59.0,0,JB_TAM_WEEKLY
48,40:52.0,35:17.7,42:01.4,59:59.0,0,JB_TAM_WEEKLY
58,42:33.5,03:04.1,00:00.0,42:33.5,0,JB_TAM_WEEKLY
87,52:58.6,23:40.6,10:53.9,52:58.6,0,JB_TAM_WEEKLY
126,43:01.8,12:59.2,48:28.5,43:01.8,0,JB_TAM_WEEKLY
189,00:35.5,18:09.2,00:00.0,59:59.0,0,JB_BMS_DAILY
196,00:39.7,18:33.5,00:00.0,59:59.0,0,JB_BMS_DAILY
204,00:23.7,18:45.9,00:00.0,59:59.0,0,JB_BMS_DAILY
233,57:15.8,10:20.9,55:38.8,59:59.0,0,JB_TAM_WEEKLY
250,59:49.9,17:12.7,00:00.0,59:49.9,0,JB_BMS_DAILY
255,00:36.2,18:35.7,00:00.0,59:59.0,0,JB_BMS_DAILY
267,07:58.0,20:40.2,00:00.0,59:59.0,0,JB_TAM_WEEKLY
299,00:25.9,17:44.0,00:00.0,59:59.0,0,JB_BMS_DAILY
306,00:26.3,17:16.1,00:00.0,59:59.0,0,JB_BMS_DAILY
313,00:22.7,20:34.6,00:00.0,59:59.0,0,JB_BMS_DAILY
318,31:14.4,02:58.6,00:00.0,59:59.0,0,JB_TAM_WEEKLY
349,00:50.3,17:38.4,00:00.0,59:59.0,0,JB_BMS_DAILY
378,00:31.3,17:18.0,00:00.0,59:59.0,0,JB_BMS_DAILY
392,00:59.9,19:30.0,00:06.7,59:59.0,0,JB_BMS_DAILY
400,00:31.1,17:52.6,00:05.9,59:59.0,0,JB_BMS_DAILY
415,23:04.9,33:43.8,00:00.0,59:59.0,0,JB_TAM_WEEKLY
441,23:34.2,37:04.3,00:00.0,59:59.0,0,JB_TAM_WEEKLY
448,00:23.7,19:55.5,00:06.7,59:59.0,0,JB_BMS_DAILY
472,01:10.3,20:22.1,00:06.3,59:59.0,0,JB_BMS_DAILY
478,00:40.2,17:51.7,00:00.0,59:59.0,0,JB_BMS_DAILY
520,00:04.5,18:59.6,00:00.0,00:04.5,0,JB_BMS_DAILY
523,00:40.7,18:48.5,00:06.0,59:59.0,0,JB_BMS_DAILY
527,00:04.7,19:01.8,00:00.0,00:04.7,0,JB_BMS_DAILY
529,08:36.0,08:38.9,00:00.0,08:36.0,0,JB_MONTHLY_BUDGET_REVENUE
530,09:24.3,09:27.3,08:37.0,09:24.3,0,JB_MONTHLY_BUDGET_REVENUE
551,00:04.5,18:43.1,00:00.0,00:04.5,0,JB_BMS_DAILY
556,00:53.5,20:54.6,00:05.9,59:59.0,0,JB_BMS_DAILY
583,00:06.9,19:10.9,00:00.0,00:06.9,0,JB_BMS_DAILY
614,14:57.6,15:00.4,00:00.0,59:59.0,0,JB_MONTHLY_BUDGET_REVENUE
643,00:29.6,19:56.2,00:00.0,59:59.0,0,JB_BMS_DAILY
650,00:40.5,21:54.0,00:00.0,59:59.0,0,JB_BMS_DAILY
662,00:18.0,22:49.7,00:00.0,59:59.0,0,JB_BMS_DAILY
664,35:05.2,33:32.6,00:00.0,59:59.0,0,JB_TAM_WEEKLY
689,52:12.9,52:16.4,00:00.0,59:59.0,0,JB_MONTHLY_BUDGET_REVENUE
691,21:51.4,45:12.8,00:00.0,21:51.4,0,JB_BMS_DAILY
692,56:18.5,08:45.3,21:52.4,56:18.5,0,JB_BMS_DAILY
694,18:14.3,18:18.4,15:35.9,18:14.3,0,JB_BMS_DAILY
695,19:50.3,19:53.8,18:15.3,19:50.3,0,JB_BMS_DAILY
696,23:15.8,23:19.2,19:51.3,23:15.8,0,JB_BMS_DAILY
704,00:27.1,23:58.2,00:00.0,59:59.0,0,JB_BMS_DAILY
737,48:41.0,16:09.8,21:11.7,59:59.0,0,JB_BMS_DAILY
748,09:05.4,09:09.7,00:00.0,09:05.4,0,JB_MONTHLY_BUDGET_REVENUE
753,10:35.0,14:17.0,00:00.0,59:59.0,0,JB_TAM_WEEKLY
785,30:08.1,01:46.0,41:50.4,59:59.0,0,JB_BMS_DAILY
838,28:27.7,41:05.8,41:55.9,59:59.0,0,JB_TAM_WEEKLY
859,30:06.1,00:28.1,00:00.0,59:59.0,0,JB_BMS_DAILY
868,30:07.0,01:23.9,00:00.0,59:59.0,0,JB_BMS_DAILY
923,56:01.2,NULL,00:00.0,59:59.0,-1,JB_TAM_WEEKLY
947,30:05.9,55:24.4,30:06.8,59:59.0,0,JB_BMS_DAILY
957,30:05.1,51:44.5,00:00.0,30:05.1,0,JB_BMS_DAILY
974,30:05.3,54:03.9,30:06.1,59:59.0,0,JB_BMS_DAILY
984,30:05.4,56:11.4,30:06.1,59:59.0,0,JB_BMS_DAILY
986,52:38.9,52:42.1,00:00.0,59:59.0,0,JB_MONTHLY_BUDGET_REVENUE
1000,30:05.5,55:03.0,00:00.0,30:05.5,0,JB_BMS_DAILY
1009,30:06.1,53:53.6,00:00.0,30:06.1,0,JB_BMS_DAILY
1012,30:05.9,56:48.4,30:06.3,59:59.0,0,JB_BMS_DAILY
1014,30:05.4,55:19.3,30:06.4,59:59.0,0,JB_BMS_DAILY
1016,38:36.5,50:41.6,00:00.0,59:59.0,0,JB_TAM_WEEKLY
1090,31:29.9,44:33.6,00:00.0,59:59.0,0,JB_BMS_DAILY
1092,31:31.3,50:09.5,00:00.0,59:59.0,0,JB_BMS_DAILY
1103,32:16.4,10:41.4,00:00.0,59:59.0,0,JB_BMS_DAILY
1136,07:51.0,13:04.9,00:00.0,59:59.0,0,JB_TAM_WEEKLY
1141,50:04.5,51:44.9,00:00.0,59:59.0,0,JB_TAM_WEEKLY
1142,15:32.3,15:35.6,00:00.0,59:59.0,0,JB_MONTHLY_BUDGET_REVENUE
1147,18:38.9,27:01.8,00:00.0,18:38.9,0,JB_TAM_WEEKLY
1150,16:11.7,28:52.6,00:00.0,59:59.0,0,JB_TAM_WEEKLY
90,58:45.5,NULL,58:38.7,58:45.5,-1,JB_TAM_WEEKLY
91,59:41.9,20:50.2,58:38.7,59:41.9,0,JB_TAM_WEEKLY
95,34:06.3,54:14.3,49:36.4,34:06.3,0,JB_TAM_WEEKLY
96,52:57.5,14:15.6,34:07.3,59:59.0,0,JB_TAM_WEEKLY
109,20:14.5,51:09.6,19:26.3,20:14.5,0,JB_TAM_WEEKLY
115,11:40.4,48:00.0,00:00.0,11:40.4,0,JB_TAM_WEEKLY
172,00:24.4,18:30.9,00:00.0,59:59.0,0,JB_BMS_DAILY
173,00:42.2,19:09.5,00:00.0,59:59.0,0,JB_BMS_DAILY
183,00:23.7,17:09.7,00:00.0,59:59.0,0,JB_BMS_DAILY
192,00:39.8,18:12.1,00:00.0,59:59.0,0,JB_BMS_DAILY
225,00:33.9,20:40.6,00:00.0,59:59.0,0,JB_BMS_DAILY
248,01:05.4,18:49.9,00:00.0,59:59.0,0,JB_BMS_DAILY
272,00:53.7,17:59.4,00:00.0,59:59.0,0,JB_BMS_DAILY
302,35:11.0,59:30.1,00:00.0,59:59.0,0,JB_TAM_WEEKLY
303,00:46.3,15:18.3,00:00.0,59:59.0,0,JB_BMS_DAILY
304,00:49.4,18:31.9,00:00.0,59:59.0,0,JB_BMS_DAILY
311,00:31.2,19:04.0,00:00.0,59:59.0,0,JB_BMS_DAILY
317,00:43.3,19:54.4,00:00.0,59:59.0,0,JB_BMS_DAILY
337,01:03.8,18:57.5,00:00.0,59:59.0,0,JB_BMS_DAILY
341,00:43.6,17:39.7,00:00.0,59:59.0,0,JB_BMS_DAILY
372,00:59.1,18:54.5,00:00.0,59:59.0,0,JB_BMS_DAILY
409,01:09.7,18:44.8,00:07.8,59:59.0,0,JB_BMS_DAILY
419,00:32.7,18:42.7,00:00.0,59:59.0,0,JB_BMS_DAILY
437,00:54.9,19:21.0,00:06.5,59:59.0,0,JB_BMS_DAILY
446,00:30.1,18:25.5,00:00.0,59:59.0,0,JB_BMS_DAILY
480,01:10.1,19:08.8,00:06.4,59:59.0,0,JB_BMS_DAILY
505,00:07.9,18:05.2,00:00.0,00:07.9,0,JB_BMS_DAILY
522,00:05.0,18:48.4,00:00.0,00:05.0,0,JB_BMS_DAILY
526,00:18.9,21:23.1,00:05.9,59:59.0,0,JB_BMS_DAILY
531,24:24.1,24:27.1,09:25.3,24:24.1,0,JB_MONTHLY_BUDGET_REVENUE
532,25:08.3,25:11.2,24:25.1,25:08.3,0,JB_MONTHLY_BUDGET_REVENUE
533,25:47.2,25:50.2,25:09.3,25:47.2,0,JB_MONTHLY_BUDGET_REVENUE
557,00:20.1,21:14.3,00:00.0,59:59.0,0,JB_BMS_DAILY
612,35:02.6,44:30.5,00:00.0,59:59.0,0,JB_TAM_WEEKLY
626,00:39.7,21:02.8,00:00.0,59:59.0,0,JB_BMS_DAILY
633,00:34.7,20:34.8,46:21.3,59:59.0,0,JB_BMS_DAILY
635,00:14.6,20:11.1,00:00.0,59:59.0,0,JB_BMS_DAILY
670,00:16.7,22:47.0,00:00.0,59:59.0,0,JB_BMS_DAILY
679,00:35.0,23:22.0,00:00.0,59:59.0,0,JB_BMS_DAILY
681,00:42.1,25:15.7,00:00.0,59:59.0,0,JB_BMS_DAILY
722,00:46.4,23:33.8,00:00.0,59:59.0,0,JB_BMS_DAILY
735,34:16.5,34:29.8,00:00.0,34:16.5,0,JB_BMS_DAILY
749,30:07.6,01:32.5,00:00.0,59:59.0,0,JB_BMS_DAILY
750,30:07.9,04:17.7,00:00.0,59:59.0,0,JB_BMS_DAILY
763,03:28.4,03:33.8,09:06.4,59:59.0,0,JB_MONTHLY_BUDGET_REVENUE
764,12:54.3,12:58.7,00:00.0,12:54.3,0,JB_MONTHLY_BUDGET_REVENUE
797,30:07.7,05:06.5,00:00.0,59:59.0,0,JB_BMS_DAILY
836,41:54.9,44:04.3,00:00.0,41:54.9,0,JB_TAM_WEEKLY
842,33:33.4,NULL,00:00.0,59:59.0,-1,JB_TAM_WEEKLY
843,14:25.7,NULL,00:00.0,59:59.0,-1,JB_TAM_WEEKLY
848,30:06.6,59:15.3,00:00.0,59:59.0,0,JB_BMS_DAILY
852,09:47.6,09:53.3,00:00.0,09:47.6,0,JB_BMS_DAILY
863,52:03.9,58:55.8,36:02.7,59:59.0,0,JB_TAM_WEEKLY
864,30:48.6,41:58.9,00:00.0,30:48.6,0,JB_TAM_WEEKLY
883,30:07.2,57:26.8,00:00.0,30:07.2,0,JB_BMS_DAILY
972,30:05.1,53:38.1,00:00.0,30:05.1,0,JB_BMS_DAILY
973,20:33.6,26:32.0,00:00.0,59:59.0,0,JB_TAM_WEEKLY
1005,30:05.6,55:16.7,00:00.0,30:05.6,0,JB_BMS_DAILY
1030,30:09.5,54:44.3,30:06.1,59:59.0,0,JB_BMS_DAILY
1070,30:11.7,25:59.5,00:00.0,59:59.0,0,JB_BMS_DAILY
1087,31:34.9,47:58.4,00:00.0,59:59.0,0,JB_BMS_DAILY
1095,31:37.1,52:17.8,00:00.0,59:59.0,0,JB_BMS_DAILY
1108,24:34.2,50:33.3,00:00.0,59:59.0,0,JB_TAM_WEEKLY
1112,31:32.6,05:23.4,00:00.0,59:59.0,0,JB_BMS_DAILY
214,56:16.2,NULL,06:11.1,59:59.0,-1,JB_TAM_WEEKLY
217,18:59.6,NULL,06:11.1,59:59.0,-1,JB_TAM_WEEKLY
218,30:58.9,NULL,06:11.1,59:59.0,-1,JB_TAM_WEEKLY
219,44:41.4,56:43.6,06:11.1,59:59.0,0,JB_TAM_WEEKLY
229,01:08.6,18:22.2,00:00.0,59:59.0,0,JB_BMS_DAILY
238,00:44.5,17:20.4,00:00.0,59:59.0,0,JB_BMS_DAILY
270,01:08.5,18:56.3,00:00.0,59:59.0,0,JB_BMS_DAILY
283,00:21.4,17:35.7,00:00.0,59:59.0,0,JB_BMS_DAILY
291,01:01.7,17:47.2,00:00.0,59:59.0,0,JB_BMS_DAILY
294,24:42.7,39:56.9,32:04.4,59:59.0,0,JB_TAM_WEEKLY
382,00:39.8,18:50.7,00:00.0,59:59.0,0,JB_BMS_DAILY
416,00:17.2,18:03.8,00:06.8,59:59.0,0,JB_BMS_DAILY
434,00:06.3,17:38.5,00:00.0,00:06.3,0,JB_BMS_DAILY
440,01:18.1,NULL,00:00.0,01:18.1,-1,JB_BMS_DAILY
458,00:30.2,18:10.2,00:00.0,59:59.0,0,JB_BMS_DAILY
489,00:46.9,19:02.1,00:06.4,59:59.0,0,JB_BMS_DAILY
552,00:15.8,20:37.6,00:05.5,59:59.0,0,JB_BMS_DAILY
566,27:31.2,19:34.9,00:00.0,59:59.0,0,JB_TAM_WEEKLY
572,00:40.2,19:12.1,00:00.0,59:59.0,0,JB_BMS_DAILY
578,00:04.8,19:49.0,00:00.0,00:04.8,0,JB_BMS_DAILY
592,01:02.3,20:58.3,00:00.0,59:59.0,0,JB_BMS_DAILY
610,31:00.0,54:01.3,00:00.0,59:59.0,0,JB_BMS_DAILY
617,00:41.8,20:38.5,00:00.0,59:59.0,0,JB_BMS_DAILY
636,00:54.2,22:08.8,00:00.0,59:59.0,0,JB_BMS_DAILY
645,00:32.5,21:28.0,00:00.0,59:59.0,0,JB_BMS_DAILY
647,00:56.2,06:24.7,00:00.0,59:59.0,0,JB_TAM_WEEKLY
660,00:19.5,23:51.0,00:00.0,59:59.0,0,JB_BMS_DAILY
678,00:30.8,23:57.6,00:00.0,59:59.0,0,JB_BMS_DAILY
684,00:26.5,22:16.5,00:00.0,59:59.0,0,JB_BMS_DAILY
712,41:26.1,41:29.4,00:00.0,41:26.1,0,JB_BMS_DAILY
721,00:16.8,25:19.7,00:00.0,59:59.0,0,JB_BMS_DAILY
744,30:07.3,00:06.1,25:32.2,59:59.0,0,JB_BMS_DAILY
761,42:37.3,23:45.7,00:00.0,59:59.0,0,JB_TAM_WEEKLY
770,30:07.5,03:45.4,00:00.0,59:59.0,0,JB_BMS_DAILY
771,30:06.0,01:32.6,00:00.0,59:59.0,0,JB_BMS_DAILY
790,30:06.5,59:35.4,00:00.0,59:59.0,0,JB_BMS_DAILY
793,30:08.4,03:31.7,00:00.0,59:59.0,0,JB_BMS_DAILY
794,30:06.5,59:37.3,00:00.0,59:59.0,0,JB_BMS_DAILY
798,30:08.0,59:47.4,00:00.0,59:59.0,0,JB_BMS_DAILY
807,30:08.5,00:41.0,32:36.5,59:59.0,0,JB_BMS_DAILY
828,30:06.4,00:41.6,00:00.0,59:59.0,0,JB_BMS_DAILY
871,30:06.9,00:32.2,30:09.8,59:59.0,0,JB_BMS_DAILY
891,30:07.9,01:14.1,00:00.0,59:59.0,0,JB_BMS_DAILY
906,30:06.3,59:27.0,00:00.0,59:59.0,0,JB_BMS_DAILY
920,45:48.6,47:52.0,30:07.3,45:48.6,0,JB_BMS_DAILY
931,30:06.8,58:28.4,00:00.0,30:06.8,0,JB_BMS_DAILY
949,28:01.9,33:54.3,00:00.0,59:59.0,0,JB_TAM_WEEKLY
950,30:05.1,55:20.4,30:06.2,59:59.0,0,JB_BMS_DAILY
964,48:17.7,54:16.1,00:00.0,59:59.0,0,JB_TAM_WEEKLY
999,30:05.6,54:28.6,30:06.4,59:59.0,0,JB_BMS_DAILY
1008,30:05.6,55:41.4,00:00.0,59:59.0,0,JB_BMS_DAILY
1023,30:06.0,56:44.3,30:07.0,59:59.0,0,JB_BMS_DAILY
1035,30:05.5,52:17.7,00:00.0,30:05.5,0,JB_BMS_DAILY
1043,16:37.7,16:42.9,24:52.9,59:59.0,0,JB_MONTHLY_BUDGET_REVENUE
1046,26:14.8,35:49.8,00:00.0,59:59.0,0,JB_TAM_WEEKLY
1094,33:26.2,21:26.8,00:00.0,59:59.0,0,JB_BMS_DAILY
1123,13:52.0,NULL,00:00.0,59:59.0,-1,JB_TAM_WEEKLY
1151,04:12.1,12:29.1,00:00.0,59:59.0,0,JB_TAM_WEEKLY
1154,29:32.8,38:14.8,00:00.0,59:59.0,0,JB_TAM_WEEKLY
387,00:52.4,18:42.0,55:51.0,59:59.0,0,JB_BMS_DAILY
399,00:04.9,17:06.6,00:00.0,00:04.9,0,JB_BMS_DAILY
423,00:04.7,16:47.9,00:00.0,00:04.7,0,JB_BMS_DAILY
424,00:50.4,18:15.9,00:05.7,59:59.0,0,JB_BMS_DAILY
432,00:17.5,18:20.5,00:00.0,59:59.0,0,JB_BMS_DAILY
438,00:05.0,17:56.7,00:00.0,00:05.0,0,JB_BMS_DAILY
442,00:40.8,18:38.2,00:00.0,59:59.0,0,JB_BMS_DAILY
465,00:38.4,19:57.0,42:02.0,59:59.0,0,JB_BMS_DAILY
492,00:04.9,18:58.6,00:00.0,00:04.9,0,JB_BMS_DAILY
494,00:05.0,19:03.1,00:00.0,00:05.0,0,JB_BMS_DAILY
498,00:04.6,19:03.6,00:00.0,00:04.6,0,JB_BMS_DAILY
513,00:20.5,21:30.2,00:05.3,59:59.0,0,JB_BMS_DAILY
542,00:51.2,20:40.6,00:05.7,59:59.0,0,JB_BMS_DAILY
569,00:04.1,19:18.0,00:00.0,00:04.1,0,JB_BMS_DAILY
570,00:23.1,19:10.2,00:05.1,59:59.0,0,JB_BMS_DAILY
577,00:36.2,20:32.0,41:44.8,59:59.0,0,JB_BMS_DAILY
596,42:10.0,01:01.9,00:00.0,42:10.0,0,JB_BMS_DAILY
613,00:22.4,21:56.7,00:24.2,59:59.0,0,JB_BMS_DAILY
615,00:35.3,22:50.2,00:00.0,59:59.0,0,JB_BMS_DAILY
644,00:21.8,20:50.3,00:00.0,59:59.0,0,JB_BMS_DAILY
653,20:50.5,20:53.4,00:00.0,59:59.0,0,JB_MONTHLY_BUDGET_REVENUE
661,00:44.8,23:24.2,00:00.0,59:59.0,0,JB_BMS_DAILY
668,00:43.7,22:44.7,00:00.0,59:59.0,0,JB_BMS_DAILY
706,00:18.1,23:53.8,00:00.0,59:59.0,0,JB_BMS_DAILY
740,31:07.1,31:19.0,31:22.0,31:07.1,0,JB_BMS_DAILY
757,30:07.5,00:20.8,00:00.0,59:59.0,0,JB_BMS_DAILY
776,30:05.6,59:02.4,00:00.0,59:59.0,0,JB_BMS_DAILY
811,58:18.0,43:58.7,00:00.0,59:59.0,0,JB_TAM_WEEKLY
818,30:07.3,03:26.1,00:00.0,59:59.0,0,JB_BMS_DAILY
819,30:07.6,00:03.4,00:00.0,59:59.0,0,JB_BMS_DAILY
823,30:10.6,05:29.5,00:00.0,59:59.0,0,JB_BMS_DAILY
840,30:05.5,59:47.9,00:00.0,59:59.0,0,JB_BMS_DAILY
844,22:04.6,55:17.2,00:00.0,59:59.0,0,JB_TAM_WEEKLY
845,30:35.3,45:20.6,00:00.0,30:35.3,0,JB_TAM_WEEKLY
870,30:08.8,58:39.5,00:00.0,30:08.8,0,JB_BMS_DAILY
909,30:06.2,57:22.4,30:09.4,59:59.0,0,JB_BMS_DAILY
911,30:07.6,01:30.0,00:00.0,59:59.0,0,JB_BMS_DAILY
916,24:37.9,24:41.8,40:39.2,59:59.0,0,JB_MONTHLY_BUDGET_REVENUE
942,55:29.3,56:55.6,30:06.0,55:29.3,0,JB_BMS_DAILY
943,30:05.5,56:40.3,55:30.3,59:59.0,0,JB_BMS_DAILY
971,30:05.4,55:09.8,30:06.4,59:59.0,0,JB_BMS_DAILY
1036,30:05.1,52:48.6,30:06.5,59:59.0,0,JB_BMS_DAILY
1039,30:08.7,54:16.8,00:00.0,30:08.7,0,JB_BMS_DAILY
1067,30:25.6,55:46.4,00:00.0,59:59.0,0,JB_BMS_DAILY
1097,31:09.2,55:10.8,00:00.0,59:59.0,0,JB_BMS_DAILY
1121,18:42.4,19:04.1,00:00.0,59:59.0,0,JB_BMS_DAILY
1133,17:26.3,18:52.0,00:00.0,17:26.3,0,JB_TAM_WEEKLY
1143,20:34.0,28:51.5,00:00.0,59:59.0,0,JB_TAM_WEEKLY
959,30:05.2,53:02.6,00:00.0,30:05.2,0,JB_BMS_DAILY
979,30:05.1,54:57.9,00:00.0,30:05.1,0,JB_BMS_DAILY
1048,30:05.3,56:38.6,30:06.4,59:59.0,0,JB_BMS_DAILY
1057,30:05.4,54:25.0,00:00.0,30:05.4,0,JB_BMS_DAILY
1065,30:05.3,56:41.1,30:06.3,59:59.0,0,JB_BMS_DAILY
1085,31:34.1,52:13.8,00:00.0,59:59.0,0,JB_BMS_DAILY
1102,31:13.0,06:33.6,00:00.0,59:59.0,0,JB_BMS_DAILY
1137,27:05.0,27:08.4,00:00.0,59:59.0,0,JB_MONTHLY_BUDGET_REVENUE
1047,32:06.8,37:38.1,00:00.0,59:59.0,0,JB_TAM_WEEKLY
1061,54:11.4,54:19.8,30:06.5,54:11.4,0,JB_BMS_DAILY
1074,30:09.1,06:40.1,00:00.0,59:59.0,0,JB_BMS_DAILY
1093,31:33.2,55:12.7,00:00.0,59:59.0,0,JB_BMS_DAILY
1110,31:21.5,04:05.5,00:00.0,59:59.0,0,JB_BMS_DAILY
1119,03:45.1,05:04.2,00:00.0,03:45.1,0,JB_TAM_WEEKLY
1145,51:05.5,11:10.7,00:00.0,59:59.0,0,JB_TAM_WEEKLY
1128,58:56.0,04:18.0,00:00.0,58:56.0,0,JB_TAM_WEEKLY
1138,06:16.4,10:52.8,00:00.0,59:59.0,0,JB_TAM_WEEKLY
619,00:21.5,25:22.0,00:00.0,59:59.0,0,JB_BMS_DAILY
628,40:02.3,01:01.8,00:00.0,40:02.3,0,JB_BMS_DAILY
649,00:20.8,21:41.4,00:00.0,59:59.0,0,JB_BMS_DAILY
659,00:17.2,23:09.6,00:00.0,59:59.0,0,JB_BMS_DAILY
674,00:28.9,24:31.9,00:00.0,59:59.0,0,JB_BMS_DAILY
687,00:37.9,24:32.8,00:00.0,59:59.0,0,JB_BMS_DAILY
709,00:21.8,24:03.9,00:00.0,59:59.0,0,JB_BMS_DAILY
731,00:34.7,22:25.5,00:00.0,59:59.0,0,JB_BMS_DAILY
733,00:15.1,22:07.0,00:00.0,59:59.0,0,JB_BMS_DAILY
736,21:10.7,50:02.0,34:17.5,21:10.7,0,JB_BMS_DAILY
742,43:28.6,43:36.6,31:08.1,43:28.6,0,JB_BMS_DAILY
745,30:06.2,59:26.0,00:00.0,59:59.0,0,JB_BMS_DAILY
747,59:52.2,59:56.8,00:00.0,59:59.0,0,JB_MONTHLY_BUDGET_REVENUE
754,30:20.7,03:35.3,00:00.0,59:59.0,0,JB_BMS_DAILY
755,30:11.3,04:44.7,00:00.0,59:59.0,0,JB_BMS_DAILY
758,30:09.6,03:37.3,00:00.0,59:59.0,0,JB_BMS_DAILY
760,30:09.7,01:01.2,00:00.0,59:59.0,0,JB_BMS_DAILY
762,30:13.9,01:56.0,00:00.0,59:59.0,0,JB_BMS_DAILY
766,30:26.3,03:06.5,00:00.0,59:59.0,0,JB_BMS_DAILY
767,30:32.8,06:11.6,00:00.0,59:59.0,0,JB_BMS_DAILY
768,30:25.9,00:39.2,00:00.0,59:59.0,0,JB_BMS_DAILY
769,50:54.6,55:38.7,00:00.0,59:59.0,0,JB_TAM_WEEKLY
772,30:06.6,59:38.7,00:00.0,59:59.0,0,JB_BMS_DAILY
773,30:06.9,58:51.0,00:00.0,59:59.0,0,JB_BMS_DAILY
774,30:05.6,58:43.3,00:00.0,59:59.0,0,JB_BMS_DAILY
775,30:07.5,59:48.9,00:00.0,59:59.0,0,JB_BMS_DAILY
777,11:31.7,11:42.2,00:00.0,11:31.7,0,JB_BMS_DAILY
778,07:32.8,07:38.6,11:32.7,07:32.8,0,JB_BMS_DAILY
780,26:04.2,26:10.9,21:10.0,26:04.2,0,JB_BMS_DAILY
781,29:41.6,29:49.0,26:05.2,29:41.6,0,JB_BMS_DAILY
782,30:24.0,30:28.6,29:42.6,30:24.0,0,JB_BMS_DAILY
783,39:45.6,39:52.4,30:25.0,39:45.6,0,JB_BMS_DAILY
784,41:49.4,41:54.1,39:46.6,41:49.4,0,JB_BMS_DAILY
787,29:13.1,09:03.3,00:00.0,59:59.0,0,JB_TAM_WEEKLY
788,55:17.4,25:40.0,00:00.0,55:17.4,0,JB_BMS_DAILY
789,30:08.5,01:34.3,55:18.4,59:59.0,0,JB_BMS_DAILY
791,30:06.8,58:34.6,00:00.0,59:59.0,0,JB_BMS_DAILY
796,30:53.2,40:01.4,00:00.0,59:59.0,0,JB_TAM_WEEKLY
799,30:06.3,59:40.4,00:00.0,59:59.0,0,JB_BMS_DAILY
800,30:05.0,59:49.4,00:00.0,59:59.0,0,JB_BMS_DAILY
801,52:33.1,52:37.6,00:00.0,52:33.1,0,JB_BMS_DAILY
802,48:25.5,48:30.3,52:34.1,48:25.5,0,JB_BMS_DAILY
803,54:49.7,54:54.8,48:26.5,54:49.7,0,JB_BMS_DAILY
804,05:36.5,05:42.1,54:50.7,05:36.5,0,JB_BMS_DAILY
805,19:17.3,19:21.9,05:37.5,19:17.3,0,JB_BMS_DAILY
806,32:35.5,32:40.2,19:18.3,32:35.5,0,JB_BMS_DAILY
808,30:07.9,00:39.4,00:00.0,59:59.0,0,JB_BMS_DAILY
809,11:44.8,NULL,00:00.0,59:59.0,-1,JB_TAM_WEEKLY
810,22:37.1,NULL,00:00.0,59:59.0,-1,JB_TAM_WEEKLY
814,00:47.5,57:17.8,40:50.1,00:47.5,0,JB_TAM_WEEKLY
815,30:07.3,03:41.7,00:00.0,59:59.0,0,JB_BMS_DAILY
816,30:27.2,28:00.6,00:48.5,59:59.0,0,JB_TAM_WEEKLY
817,41:08.4,14:15.4,00:00.0,41:08.4,0,JB_TAM_WEEKLY
820,30:05.9,59:38.8,00:00.0,59:59.0,0,JB_BMS_DAILY
822,30:07.7,00:59.1,00:00.0,59:59.0,0,JB_BMS_DAILY
824,37:43.0,NULL,41:09.4,59:59.0,-1,JB_TAM_WEEKLY
825,38:36.3,38:07.4,41:09.4,59:59.0,0,JB_TAM_WEEKLY
827,30:07.9,00:04.8,00:00.0,59:59.0,0,JB_BMS_DAILY
829,30:06.3,59:46.1,00:00.0,59:59.0,0,JB_BMS_DAILY
834,30:06.5,59:34.6,00:00.0,59:59.0,0,JB_BMS_DAILY
841,30:07.0,58:51.7,00:00.0,59:59.0,0,JB_BMS_DAILY
849,30:08.3,58:39.7,00:00.0,59:59.0,0,JB_BMS_DAILY
850,14:13.1,21:19.8,00:00.0,59:59.0,0,JB_TAM_WEEKLY
853,13:34.4,15:24.3,16:15.3,13:34.4,0,JB_TAM_WEEKLY
856,00:11.6,00:18.4,00:00.0,00:11.6,0,JB_BMS_DAILY
858,02:13.7,30:34.8,00:00.0,59:59.0,0,JB_BMS_DAILY
861,30:06.0,00:28.9,00:00.0,59:59.0,0,JB_BMS_DAILY
862,30:06.3,57:34.3,00:00.0,30:06.3,0,JB_BMS_DAILY
865,30:06.0,00:41.0,30:07.3,59:59.0,0,JB_BMS_DAILY
867,30:11.4,01:31.9,30:07.6,59:59.0,0,JB_BMS_DAILY
872,30:06.8,59:00.4,00:00.0,30:06.8,0,JB_BMS_DAILY
875,30:07.4,NULL,30:07.8,59:59.0,-1,JB_BMS_DAILY
888,45:11.0,45:17.0,35:50.9,45:11.0,0,JB_BMS_DAILY
892,30:07.5,00:43.9,00:00.0,59:59.0,0,JB_BMS_DAILY
894,20:08.9,20:16.6,30:06.6,20:08.9,0,JB_BMS_DAILY
897,30:07.3,02:37.6,30:06.6,59:59.0,0,JB_BMS_DAILY
900,30:07.0,57:35.4,00:00.0,30:07.0,0,JB_BMS_DAILY
901,06:59.6,21:18.7,09:07.5,59:59.0,0,JB_TAM_WEEKLY
903,30:06.9,57:00.5,00:00.0,30:06.9,0,JB_BMS_DAILY
910,19:43.8,NULL,40:39.2,59:59.0,-1,JB_MONTHLY_BUDGET_REVENUE
913,19:48.2,NULL,40:39.2,59:59.0,-1,JB_MONTHLY_BUDGET_REVENUE
914,30:08.1,59:39.4,30:08.0,59:59.0,0,JB_BMS_DAILY
918,30:06.3,57:55.1,00:00.0,30:06.3,0,JB_BMS_DAILY
921,01:04.7,02:48.3,45:49.6,01:04.7,0,JB_BMS_DAILY
922,46:28.0,00:06.5,00:00.0,59:59.0,0,JB_TAM_WEEKLY
929,30:06.2,58:23.4,00:00.0,30:06.2,0,JB_BMS_DAILY
934,30:04.9,54:38.4,00:00.0,30:04.9,0,JB_BMS_DAILY
936,30:05.5,56:06.4,30:05.9,59:59.0,0,JB_BMS_DAILY
939,30:05.0,54:49.7,00:00.0,59:59.0,0,JB_BMS_DAILY
940,30:05.3,55:23.5,00:00.0,59:59.0,0,JB_BMS_DAILY
946,30:05.8,54:36.2,00:00.0,30:05.8,0,JB_BMS_DAILY
951,30:05.0,54:45.5,00:00.0,30:05.0,0,JB_BMS_DAILY
954,30:04.9,53:58.4,00:00.0,59:59.0,0,JB_BMS_DAILY
970,30:05.4,52:13.1,00:00.0,30:05.4,0,JB_BMS_DAILY
1002,30:08.2,53:53.8,00:00.0,30:08.2,0,JB_BMS_DAILY
1006,30:05.9,56:23.8,30:06.6,59:59.0,0,JB_BMS_DAILY
1013,30:05.4,54:47.8,00:00.0,30:05.4,0,JB_BMS_DAILY
1026,30:05.3,52:44.1,00:00.0,30:05.3,0,JB_BMS_DAILY
1028,30:05.1,53:22.1,00:00.0,30:05.1,0,JB_BMS_DAILY
1032,30:05.3,53:34.9,30:06.6,59:59.0,0,JB_BMS_DAILY
1038,30:05.8,54:28.8,30:06.3,59:59.0,0,JB_BMS_DAILY
1040,52:20.0,NULL,24:52.9,59:59.0,-1,JB_MONTHLY_BUDGET_REVENUE
1050,30:05.2,56:18.0,30:06.9,59:59.0,0,JB_BMS_DAILY
1058,30:05.7,57:20.8,30:06.4,59:59.0,0,JB_BMS_DAILY
1064,30:05.3,55:54.5,00:00.0,30:05.3,0,JB_BMS_DAILY
1069,30:30.5,03:36.9,00:00.0,59:59.0,0,JB_BMS_DAILY
1072,52:12.2,22:44.6,16:38.9,59:59.0,0,JB_BMS_DAILY
1076,30:10.2,13:19.8,00:00.0,59:59.0,0,JB_BMS_DAILY
1078,33:21.4,36:22.9,00:00.0,59:59.0,0,JB_BMS_DAILY
1083,02:04.4,26:53.5,00:00.0,59:59.0,0,JB_TAM_WEEKLY
1084,31:31.7,50:22.7,00:00.0,59:59.0,0,JB_BMS_DAILY
1099,31:30.7,57:12.8,00:00.0,59:59.0,0,JB_BMS_DAILY
1100,01:12.5,25:24.5,00:00.0,59:59.0,0,JB_TAM_WEEKLY
1101,31:18.7,57:37.9,00:00.0,59:59.0,0,JB_BMS_DAILY
1104,31:20.2,55:34.5,00:00.0,59:59.0,0,JB_BMS_DAILY
1106,31:30.8,18:58.7,00:00.0,59:59.0,0,JB_BMS_DAILY
1115,45:28.1,32:03.1,00:00.0,59:59.0,0,JB_TAM_WEEKLY
1117,28:58.2,58:06.2,00:00.0,59:59.0,0,JB_TAM_WEEKLY
