NUM_DATE_KEY,NUM_CHANNEL_KEY,CHV_CHANNEL_NAME,NUM_YEARLY_BUDGET,NUM_LIKELY_BUDGET,DT_LOADING_DATE,NUM_DFBL_ID_KEY
20130601,2,*ACV(Only for Ker 10L+),0,0,56:53.7,0
20130601,5,24 Ghanta,0,0,56:53.7,0
20130601,6,9X Jalwa,0,0,56:53.7,0
20130601,8,9X M,0,0,56:53.7,0
20130601,9,9X Tashan,0,0,56:53.7,0
20130601,10,9X,0,0,56:53.7,0
20130601,98,Gemini Comedy,0,0,56:53.7,0
20130601,99,Gemini Movies,0,0,56:53.7,0
20130601,249,SUN News,0,0,56:53.7,0
20130601,260,Ten Action,4736775.1,0,56:53.7,0
20130601,261,Ten Action +,0,0,56:53.7,0
20130601,262,Ten Cricket,9567528.51,0,56:53.7,0
20130601,263,Ten Sports India,25714977.91,0,56:53.7,0
20130601,293,Zee 24 Gantalu,0,0,56:53.7,0
20130601,295,24 Taas,0,0,56:53.7,0
20130601,296,Action Cinema,0,0,56:53.7,0
20130601,297,Zee Bangla,225983630,0,56:53.7,0
20130601,298,Zee Business,0,0,56:53.7,0
20130601,299,Zee Cafe,27367732.54,0,56:53.7,0
20130601,300,ZEE CINEMA,229302323.8,0,56:53.7,0
20130601,301,Classic Cinema,0,0,56:53.7,0
20130601,302,Etc,25329910.22,0,56:53.7,0
20130601,303,Etc Punjabi,3713003.12,0,56:53.7,0
20130601,304,Zee Kannada,81698094.13,0,56:53.7,0
20130601,305,Zee Marathi,189668265.2,0,56:53.7,0
20130601,306,Zee News,0,0,56:53.7,0
20130601,307,Zee News Uttarpradesh,0,0,56:53.7,0
20130601,308,Premiere Cinema,25429002.61,0,56:53.7,0
20130601,309,Zee Punjabi,0,0,56:53.7,0
20130601,310,Zee Salaam,1763351.19,0,56:53.7,0
20130601,311,Zee Smile,4323080.96,0,56:53.7,0
20130601,312,Zee Studio,21743069.41,0,56:53.7,0
20130601,314,Zee Tamizh,31774605.42,0,56:53.7,0
20130601,315,Zee Telugu,113820838.5,0,56:53.7,0
20130601,316,Zee Tv,750626435.3,0,56:53.7,0
20130601,317,Zing,18093788.61,0,56:53.7,0
20130601,319,Jagran,7866199.83,0,56:53.7,0
20130601,320,Zee Trendz,446899.31,0,56:53.7,0
20130601,321,Zee Khana Khazana,125614.27,0,56:53.7,0
20130601,322,ZEE MARATHI AMERICAS,0,0,56:53.7,0
20130601,323,ZEE PUNJABI AMERICAS,0,0,56:53.7,0
20130601,324,ZEE PUNJABI EUROPE,0,0,56:53.7,0
20130601,325,ZEE SMILE AMERICAS,0,0,56:53.7,0
20130601,326,ZING AMERICAS,0,0,56:53.7,0
20130601,327,ZING EUROPE,0,0,56:53.7,0
20130601,328,TEN CRICKET AMERICAS,0,0,56:53.7,0
20130601,329,VERIA AMERICAS,0,0,56:53.7,0
20130601,330,ZEE TV AFRICAS,0,0,56:53.7,0
20130601,331,ZEE TV AMERICAS,0,0,56:53.7,0
20130601,332,ZEE TV EUROPE,33251275.73,0,56:53.7,0
20130601,333,ZEE CINEMA EUROPE,0,0,56:53.7,0
20130601,334,ZEE CINEMA AMERICAS,0,0,56:53.7,0
20130601,335,ZEE CAFE EUROPE,0,0,56:53.7,0
20130601,336,ZEE BUSINESS AMERICAS,0,0,56:53.7,0
20130601,337,ZEE KANNADA AMERICAS,0,0,56:53.7,0
20130601,338,Dish Buzz,0,0,56:53.7,0
20130601,339,M. E. Zee Cinema,0,0,56:53.7,0
20130601,340,Ten Hd,744201.86,0,56:53.7,0
20130601,341,Zee Aflam,0,0,56:53.7,0
20130601,342,Zee Astro,0,0,56:53.7,0
20130601,343,Zee Russia,0,0,56:53.7,0
20130601,344,Zee Tv Menap,0,0,56:53.7,0
20130601,345,Zeetv Apac,0,0,56:53.7,0
20130601,346,Ten Golf,0,0,56:53.7,0
20130601,347,Zee Cinema Hd,0,0,56:53.7,0
20130601,348,Zee Studio Hd,2371433.06,0,56:53.7,0
20130601,349,Zee Tv Hd,2435892.45,0,56:53.7,0
20130601,374,Test Cahnnel,0,0,56:53.7,0
20130601,377,Zee Cafe HD,0,0,56:53.7,0
20130601,378,Zee Q,63177.21,0,56:53.7,0
20130601,380,Zee Cinema (Sing),0,0,56:53.7,0
20130601,381,Zee Tamizh New Beam,0,0,56:53.7,0
20130601,382,Zee Telugu America,0,0,56:53.7,0
20130601,383,Zee Tv HD America,0,0,56:53.7,0
20130601,384,Zee Alwan,0,0,56:53.7,0
20130601,385,Ten Action America,0,0,56:53.7,0
20130601,386,Zee TV Canada,0,0,56:53.7,0
20130601,400,Zee Bangla Cinema,17949756.39,0,56:53.7,0
20130601,401,Zee Talkies,33382206.9,0,56:53.7,0
20130701,10,9X,7592956.21,0,29:46.3,0
20130701,260,Ten Action ,18103375.67,0,29:46.3,0
20130701,262,Ten Cricket ,7401.72,0,29:46.3,0
20130701,263,Ten Sports India ,16548868.04,0,29:46.3,0
20130701,296,Action Cinema ,7362721,0,29:46.3,0
20130701,297,Zee Bangla ,214753903.3,0,29:46.3,0
20130701,299,Zee Cafe ,21833896.44,0,29:46.3,0
20130701,300,ZEE CINEMA,233779432.1,0,29:46.3,0
20130701,301,Classic Cinema,17089653,0,29:46.3,0
20130701,302,Etc ,10849690.57,0,29:46.3,0
20130701,303,Etc Punjabi ,5942733.44,0,29:46.3,0
20130701,304,Zee Kannada ,75672180.99,0,29:46.3,0
20130701,305,Zee Marathi ,133058617.9,0,29:46.3,0
20130701,308,Premiere Cinema,6962737,0,29:46.3,0
20130701,310,Zee Salaam ,1960913.98,0,29:46.3,0
20130701,311,Zee Smile ,18870956.06,0,29:46.3,0
20130701,312,Zee Studio ,17401144.43,0,29:46.3,0
20130701,314,Zee Tamizh ,37457812.08,0,29:46.3,0
20130701,315,Zee Telugu ,107916669.4,0,29:46.3,0
20130701,316,Zee Tv,640382880.1,0,29:46.3,0
20130701,317,Zing ,5598643.26,0,29:46.3,0
20130701,319,Jagran ,8277288.2,0,29:46.3,0
20130701,320,Zee Trendz ,288455.64,0,29:46.3,0
20130701,321,Zee Khana Khazana ,1545999.16,0,29:46.3,0
20130701,331,ZEE TV AMERICAS,25369570.26,0,29:46.3,0
20130701,340,Ten Hd ,321377.7,0,29:46.3,0
20130701,348,Zee Studio Hd ,299793.34,0,29:46.3,0
20130701,349,Zee Tv Hd ,1642703.2,0,29:46.3,0
20130701,400,Zee Bangla Cinema,20630117.58,0,29:46.3,0
20130701,401,Zee Talkies ,31010924.82,0,29:46.3,0
20130801,10,9X,8897882.77,0,39:41.6,0
20130801,260,Ten Action ,17881036.5,0,39:41.6,0
20130801,262,Ten Cricket ,576243.88,0,39:41.6,0
20130801,263,Ten Sports India ,13993779.09,0,39:41.6,0
20130801,296,Action Cinema ,7517413,0,39:41.6,0
20130801,297,Zee Bangla ,204927198.7,0,39:41.6,0
20130801,299,Zee Cafe ,26320166.72,0,39:41.6,0
20130801,300,ZEE CINEMA,210125635,0,39:41.6,0
20130801,301,Classic Cinema,15208442,0,39:41.6,0
20130801,302,Etc ,16660395.02,0,39:41.6,0
20130801,303,Etc Punjabi ,5390671.27,0,39:41.6,0
20130801,304,Zee Kannada ,69436894.65,0,39:41.6,0
20130801,305,Zee Marathi ,153766366.6,0,39:41.6,0
20130801,308,Premiere Cinema,6964211,0,39:41.6,0
20130801,310,Zee Salaam ,2947716.34,0,39:41.6,0
20130801,311,Zee Smile ,20955058.89,0,39:41.6,0
20130801,312,Zee Studio ,18896339.85,0,39:41.6,0
20130801,314,Zee Tamizh ,39318130.39,0,39:41.6,0
20130801,315,Zee Telugu ,104594982.4,0,39:41.6,0
20130801,316,Zee Tv,760547479.3,0,39:41.6,0
20130801,317,Zing ,7100427.33,0,39:41.6,0
20130801,319,Jagran ,9597031.31,0,39:41.6,0
20130801,320,Zee Trendz ,319891.16,0,39:41.6,0
20130801,321,Zee Khana Khazana ,1121208.98,0,39:41.6,0
20130801,340,Ten Hd ,815382.48,0,39:41.6,0
20130801,346,Ten Golf,0,0,39:41.6,0
20130801,347,Zee Cinema HD,0,0,39:41.6,0
20130801,348,Zee Studio Hd ,344363.18,0,39:41.6,0
20130801,349,Zee Tv Hd ,3793740.73,0,39:41.6,0
20130801,377,Zee Cafe HD,0,0,39:41.6,0
20130801,378,Zee Q,110022.92,0,39:41.6,0
20130801,400,Zee Bangla Cinema,20779198.06,0,39:41.6,0
20130801,401,Zee Talkies ,26547731.87,0,39:41.6,0
20130901,10,9X,8419016.8,0,14:39.9,0
20130901,260,Ten Action ,2758976.2,0,14:39.9,0
20130901,262,Ten Cricket ,80269343.6,0,14:39.9,0
20130901,263,Ten Sports India ,15289682.86,0,14:39.9,0
20130901,296,Action Cinema ,7510814.44,0,14:39.9,0
20130901,297,Zee Bangla ,221479238.4,0,14:39.9,0
20130901,299,Zee Cafe ,23271178.48,0,14:39.9,0
20130901,300,ZEE CINEMA,222878001.6,0,14:39.9,0
20130901,301,Classic Cinema,13835073.87,0,14:39.9,0
20130901,302,Etc ,19792728.29,0,14:39.9,0
20130901,303,Etc Punjabi ,5610603.36,0,14:39.9,0
20130901,304,Zee Kannada ,65124375.3,0,14:39.9,0
20130901,305,Zee Marathi ,158084508.6,0,14:39.9,0
20130901,308,Premiere Cinema,7061364.56,0,14:39.9,0
20130901,310,Zee Salaam ,2545147.94,0,14:39.9,0
20130901,311,Zee Smile ,19302421.51,0,14:39.9,0
20130901,312,Zee Studio ,20417509.66,0,14:39.9,0
20130901,314,Zee Tamizh ,44140426.91,0,14:39.9,0
20130901,315,Zee Telugu ,99416676.99,0,14:39.9,0
20130901,316,Zee Tv,750997796.6,0,14:39.9,0
20130901,317,Zing ,7854169.38,0,14:39.9,0
20130901,319,Jagran ,8684000.47,0,14:39.9,0
20130901,320,Zee Trendz ,284892.14,0,14:39.9,0
20130901,321,Zee Khana Khazana ,1043424.95,0,14:39.9,0
20130901,340,Ten Hd ,1894951.4,0,14:39.9,0
20130901,346,Ten Golf,68764.32,0,14:39.9,0
20130901,347,Zee Cinema HD,149944.42,0,14:39.9,0
20130901,348,Zee Studio Hd ,766877.25,0,14:39.9,0
20130901,349,Zee Tv Hd ,8722178.74,0,14:39.9,0
20130901,377,Zee Cafe HD,0,0,14:39.9,0
20130901,378,Zee Q,362731.77,0,14:39.9,0
20130901,400,Zee Bangla Cinema,18108909.72,0,14:39.9,0
20130901,401,Zee Talkies ,29208098.8,0,14:39.9,0
20131001,10,9X,12113587.78,0,27:02.8,0
20131001,260,Ten Action ,0,0,27:02.8,0
20131001,262,Ten Cricket ,338948471.3,0,27:02.8,0
20131001,263,Ten Sports India ,24644071.17,0,27:02.8,0
20131001,296,Action Cinema ,10108660.93,0,27:02.8,0
20131001,297,Zee Bangla ,202186394.9,0,27:02.8,0
20131001,299,Zee Cafe ,26582065.86,0,27:02.8,0
20131001,300,ZEE CINEMA,215596119,0,27:02.8,0
20131001,301,Classic Cinema,18402984.28,0,27:02.8,0
20131001,302,Etc ,21306772.31,0,27:02.8,0
20131001,303,Etc Punjabi ,6205849.81,0,27:02.8,0
20131001,304,Zee Kannada ,67783565.33,0,27:02.8,0
20131001,305,Zee Marathi ,155028254.7,0,27:02.8,0
20131001,308,Premiere Cinema,9992832.17,0,27:02.8,0
20131001,310,Zee Salaam ,3788434.93,0,27:02.8,0
20131001,311,Zee Smile ,20093858.02,0,27:02.8,0
20131001,312,Zee Studio ,16669308.05,0,27:02.8,0
20131001,314,Zee Tamizh ,55770130.89,0,27:02.8,0
20131001,315,Zee Telugu ,101827815.8,0,27:02.8,0
20131001,316,Zee Tv,727853791.2,0,27:02.8,0
20131001,317,Zing ,9513460.55,0,27:02.8,0
20131001,319,Jagran ,9178104.26,0,27:02.8,0
20131001,320,Zee Trendz ,319042.85,0,27:02.8,0
20131001,321,Zee Khana Khazana ,1579042.28,0,27:02.8,0
20131001,340,Ten Hd ,5202829.8,0,27:02.8,0
20131001,346,Ten Golf ,0,0,27:02.8,0
20131001,347,Zee Cinema Hd,0,0,27:02.8,0
20131001,348,Zee Studio Hd ,675443.71,0,27:02.8,0
20131001,349,Zee Tv Hd ,4351539.87,0,27:02.8,0
20131001,377,Zee Cafe HD,124635.33,0,27:02.8,0
20131001,378,Zee Q,0,0,27:02.8,0
20131001,400,Zee Bangla Cinema,15970184.8,0,27:02.8,0
20131001,401,Zee Talkies ,28806770.07,0,27:02.8,0
20131101,5,24 Ghanta ,22228549.05,0,56:36.5,0
20131101,10,9X,12041147.05,0,52:33.5,0
20131101,260,Ten Action ,3531047.83,0,52:33.5,0
20131101,262,Ten Cricket ,26911554.28,0,52:33.5,0
20131101,263,Ten Sports India ,20710523.3,0,52:33.5,0
20131101,295,24 Taas ,20325006.86,0,56:36.5,0
20131101,296,Action Cinema ,11197386.48,0,52:33.5,0
20131101,297,Zee Bangla ,206366526.5,0,52:33.5,0
20131101,298,Zee Business ,11645310.81,0,56:36.5,0
20131101,299,Zee Cafe ,24812989.94,0,52:33.5,0
20131101,300,ZEE CINEMA,214306854.7,0,52:33.5,0
20131101,301,Classic Cinema,21361981.87,0,52:33.5,0
20131101,302,Etc ,17515436.39,0,52:33.5,0
20131101,303,Etc Punjabi ,6206494.5,0,52:33.5,0
20131101,304,Zee Kannada ,65938027.36,0,52:33.5,0
20131101,305,Zee Marathi ,152194976.2,0,52:33.5,0
20131101,306,Zee News ,92815023.95,0,56:36.5,0
20131101,307,Zee News Uttarpradesh ,5181856.45,0,56:36.5,0
20131101,308,Premiere Cinema,11042847.21,0,52:33.5,0
20131101,309,Zee Punjabi ,3465718.53,0,56:36.5,0
20131101,310,Zee Salaam ,3784905.53,0,52:33.5,0
20131101,311,Zee Smile ,19754113.34,0,52:33.5,0
20131101,312,Zee Studio ,18592255.29,0,52:33.5,0
20131101,314,Zee Tamizh ,63624929.02,0,52:33.5,0
20131101,315,Zee Telugu ,99712314.08,0,52:33.5,0
20131101,316,Zee Tv,716505529,0,52:33.5,0
20131101,317,Zing ,7849333.24,0,52:33.5,0
20131101,319,Jagran ,9584530.68,0,52:33.5,0
20131101,320,Zee Trendz ,310941.69,0,52:33.5,0
20131101,321,Zee Khana Khazana ,1442755.22,0,52:33.5,0
20131101,340,Ten Hd ,675824.35,0,52:33.5,0
20131101,346,Ten Golf,0,0,52:33.5,0
20131101,347,Zee Cinema Hd,344547.08,0,52:33.5,0
20131101,348,Zee Studio Hd ,2226289.83,0,52:33.5,0
20131101,349,Zee Tv Hd ,4732212.75,0,52:33.5,0
20131101,377,Zee Cafe HD,0,0,52:33.5,0
20131101,378,Zee Q,0,0,52:33.5,0
20131101,388,& PICTURES,38666318.53,0,52:33.5,0
20131101,395,ZEE 24GHANTE M.P. ASIA,8510526.67,0,56:36.5,0
20131101,396,ZEE RAJASTHAN PLUS,3932425.45,0,56:36.5,0
20131101,400,Zee Bangla Cinema,15594833.76,0,52:33.5,0
20131101,401,Zee Talkies ,32812027.13,0,52:33.5,0
20131201,5,24 Ghanta ,34124992,0,05:01.9,0
20131201,10,9X,11722968.24,0,05:01.9,0
20131201,260,Ten Action ,3108484.34,0,05:01.9,0
20131201,262,Ten Cricket ,683369.32,0,05:01.9,0
20131201,263,Ten Sports India ,31379318.03,0,05:01.9,0
20131201,295,24 Taas ,19739191.82,0,05:01.9,0
20131201,296,Action Cinema ,11645089.73,0,05:01.9,0
20131201,297,Zee Bangla ,247698375.9,0,05:01.9,0
20131201,298,Zee Business ,15640677.63,0,05:01.9,0
20131201,299,Zee Cafe ,40111930.97,0,05:01.9,0
20131201,300,ZEE CINEMA,232511159.8,0,05:01.9,0
20131201,301,Classic Cinema,23163836.33,0,05:01.9,0
20131201,302,Etc ,17891998.8,0,05:01.9,0
20131201,303,Etc Punjabi ,5825208.17,0,05:01.9,0
20131201,304,Zee Kannada ,71338418.74,0,05:01.9,0
20131201,305,Zee Marathi ,163696242.7,0,05:01.9,0
20131201,306,Zee News ,107503069.2,0,05:01.9,0
20131201,307,Zee News Uttarpradesh ,5294996.75,0,05:01.9,0
20131201,308,Premiere Cinema,11879717.03,0,05:01.9,0
20131201,309,Zee Punjabi ,3246852.44,0,05:01.9,0
20131201,310,Zee Salaam ,2810277.96,0,05:01.9,0
20131201,311,Zee Smile ,12707207.12,0,05:01.9,0
20131201,312,Zee Studio ,22664470.01,0,05:01.9,0
20131201,314,Zee Tamizh ,62740165.71,0,05:01.9,0
20131201,315,Zee Telugu ,91681963.27,0,05:01.9,0
20131201,316,Zee Tv,717345654.6,0,05:01.9,0
20131201,317,Zing ,8463569.64,0,05:01.9,0
20131201,319,Jagran ,9149215.01,0,05:01.9,0
20131201,320,Zee Trendz ,300911.3,0,05:01.9,0
20131201,321,Zee Khana Khazana ,1587232.77,0,05:01.9,0
20131201,340,Ten Hd ,1785986.11,0,05:01.9,0
20131201,346,Ten Golf,0,0,05:01.9,0
20131201,347,Zee Cinema Hd,1665409.07,0,05:01.9,0
20131201,348,Zee Studio Hd ,2908286.9,0,05:01.9,0
20131201,349,Zee Tv Hd ,2780072.92,0,05:01.9,0
20131201,377,Zee Cafe HD,0,0,05:01.9,0
20131201,378,Zee Q,39157.46,0,05:01.9,0
20131201,388,& PICTURES,31755774.52,0,05:01.9,0
20131201,395,ZEE 24GHANTE M.P. ASIA,8321279.71,0,05:01.9,0
20131201,396,ZEE RAJASTHAN PLUS,27869815.47,0,05:01.9,0
20131201,400,Zee Bangla Cinema ,14060111.29,0,05:01.9,0
20131201,401,Zee Talkies,30710857.89,0,05:01.9,0
20140101,5,24 Ghanta ,40518570,0,18:04.7,0
20140101,10,9X,12113733.84,0,18:04.7,0
20140101,260,Ten Action ,5758813.54,0,18:04.7,0
20140101,262,Ten Cricket ,5111319.65,0,18:04.7,0
20140101,263,Ten Sports India ,21047397.11,0,18:04.7,0
20140101,295,24 Taas ,22420686,0,18:04.7,0
20140101,296,Action Cinema ,12154127.64,0,18:04.7,0
20140101,297,Zee Bangla ,272824463.4,0,18:04.7,0
20140101,298,Zee Business ,22438145,0,18:04.7,0
20140101,299,Zee Cafe ,32083651.82,0,18:04.7,0
20140101,300,ZEE CINEMA,226206280.8,0,18:04.7,0
20140101,301,Classic Cinema,27284481.6,0,18:04.7,0
20140101,302,Etc ,18922038.77,0,18:04.7,0
20140101,303,Etc Punjabi ,6784647.16,0,18:04.7,0
20140101,304,Zee Kannada ,80336802.08,0,18:04.7,0
20140101,305,Zee Marathi ,197753253.7,0,18:04.7,0
20140101,306,Zee News ,127951928,0,18:04.7,0
20140101,307,Zee News Uttarpradesh ,9825191,0,18:04.7,0
20140101,308,Premiere Cinema,11812085.08,0,18:04.7,0
20140101,309,Zee Punjabi ,3454787,0,18:04.7,0
20140101,310,Zee Salaam ,2546976.31,0,18:04.7,0
20140101,311,Zee Smile ,13238588.07,0,18:04.7,0
20140101,312,Zee Studio ,23449609.89,0,18:04.7,0
20140101,314,Zee Tamizh ,63742193.18,0,18:04.7,0
20140101,315,Zee Telugu ,106759478.1,0,18:04.7,0
20140101,316,Zee Tv,885034362,0,18:04.7,0
20140101,317,Zing ,9237086.96,0,18:04.7,0
20140101,319,Jagran ,9631863.24,0,18:04.7,0
20140101,320,Zee Trendz ,351583.72,0,18:04.7,0
20140101,321,Zee Khana Khazana ,2656873.55,0,18:04.7,0
20140101,322,ZEE MARATHI AMERICAS,0,0,22:10.3,0
20140101,323,ZEE PUNJABI AMERICAS,0,0,22:10.3,0
20140101,324,ZEE PUNJABI EUROPE,0,0,22:10.3,0
20140101,325,ZEE SMILE AMERICAS,0,0,22:10.3,0
20140101,326,ZING AMERICAS,0,0,22:10.3,0
20140101,327,ZING EUROPE,0,0,22:10.3,0
20140101,329,VERIA AMERICAS,0,0,22:10.3,0
20140101,330,ZEE TV AFRICAS,1634650.79,0,46:20.5,0
20140101,331,ZEE TV AMERICAS,16493488.77,0,46:20.5,0
20140101,332,ZEE TV EUROPE,3203440.09,0,46:20.5,0
20140101,333,ZEE CINEMA EUROPE,0,0,22:10.3,0
20140101,334,ZEE CINEMA AMERICAS,0,0,22:10.3,0
20140101,335,ZEE CAFE EUROPE,0,0,22:10.3,0
20140101,336,ZEE BUSINESS AMERICAS,0,0,22:10.3,0
20140101,337,ZEE KANNADA AMERICAS,0,0,22:10.3,0
20140101,339,M. E. Zee Cinema ,0,0,22:10.3,0
20140101,340,Ten Hd ,1202611.59,0,18:04.7,0
20140101,341,Zee Aflam ,4245257.43,0,46:20.5,0
20140101,342,Zee Astro ,1660471.87,0,46:20.5,0
20140101,343,Zee Russia ,328686.5,0,46:20.5,0
20140101,344,Zee Tv Menap,2121190.2,0,46:20.5,0
20140101,345,Zeetv Apac ,6816058,0,46:20.5,0
20140101,346,Ten Golf,539799.91,0,18:04.7,0
20140101,347,Zee Cinema Hd,910352.57,0,18:04.7,0
20140101,348,Zee Studio Hd ,2315512.52,0,18:04.7,0
20140101,349,Zee Tv Hd ,10164727.45,0,18:04.7,0
20140101,377,Zee Cafe HD,0,0,18:04.7,0
20140101,378,Zee Q,354518.27,0,18:04.7,0
20140101,382,Zee Telugu America,0,0,22:10.3,0
20140101,384,Zee Alwan,940808.26,0,46:20.5,0
20140101,386,Zee TV Canada,0,0,22:10.3,0
20140101,387,Zee Anmol,77815096.65,0,18:04.7,0
20140101,388,& PICTURES,46263137.35,0,18:04.7,0
20140101,391,LAMHE EUROPE,0,0,22:10.3,0
20140101,395,ZEE 24GHANTE M.P. ASIA,4113619,0,18:04.7,0
20140101,396,ZEE RAJASTHAN PLUS,6989771,0,18:04.7,0
20140101,400,Zee Bangla Cinema ,15824543.69,0,18:04.7,0
20140101,401,Zee Talkies,29628490.86,0,18:04.7,0
20140101,402,ZEE GUJARATHI EUROPE,0,0,22:10.3,0
20140101,405,TEN CRICKET AMERICAS,0,0,22:10.3,0
20140201,5,24 Ghanta ,26727926,0,18:04.7,0
20140201,10,9X,11722968.28,0,18:04.7,0
20140201,260,Ten Action ,4766210.01,0,18:04.7,0
20140201,262,Ten Cricket ,11470240.27,0,18:04.7,0
20140201,263,Ten Sports India ,16467702.77,0,18:04.7,0
20140201,295,24 Taas ,19744497,0,18:04.7,0
20140201,296,Action Cinema ,10512047.52,0,18:04.7,0
20140201,297,Zee Bangla ,212180569,0,18:04.7,0
20140201,298,Zee Business ,17834022,0,18:04.7,0
20140201,299,Zee Cafe ,28147386.45,0,18:04.7,0
20140201,300,ZEE CINEMA,212394890.4,0,18:04.7,0
20140201,301,Classic Cinema,23352327.05,0,18:04.7,0
20140201,302,Etc ,21260656.42,0,18:04.7,0
20140201,303,Etc Punjabi ,6001980.18,0,18:04.7,0
20140201,304,Zee Kannada ,71123922.47,0,18:04.7,0
20140201,305,Zee Marathi ,159024877.6,0,18:04.7,0
20140201,306,Zee News ,129868616,0,18:04.7,0
20140201,307,Zee News Uttarpradesh ,11618297,0,18:04.7,0
20140201,308,Premiere Cinema,10453555.08,0,18:04.7,0
20140201,309,Zee Punjabi ,2800194,0,18:04.7,0
20140201,310,Zee Salaam ,2000244.09,0,18:04.7,0
20140201,311,Zee Smile ,13941807.54,0,18:04.7,0
20140201,312,Zee Studio ,21223089.65,0,18:04.7,0
20140201,314,Zee Tamizh ,62123410.75,0,18:04.7,0
20140201,315,Zee Telugu ,112386670.3,0,18:04.7,0
20140201,316,Zee Tv,768844773.1,0,18:04.7,0
20140201,317,Zing ,9412198.69,0,18:04.7,0
20140201,319,Jagran ,7896086.64,0,18:04.7,0
20140201,320,Zee Trendz ,315911.38,0,18:04.7,0
20140201,321,Zee Khana Khazana ,2183678.36,0,18:04.7,0
20140201,322,ZEE MARATHI AMERICAS,0,0,22:10.3,0
20140201,323,ZEE PUNJABI AMERICAS,0,0,22:10.3,0
20140201,324,ZEE PUNJABI EUROPE,0,0,22:10.3,0
20140201,325,ZEE SMILE AMERICAS,0,0,22:10.3,0
20140201,326,ZING AMERICAS,0,0,22:10.3,0
20140201,327,ZING EUROPE,0,0,22:10.3,0
20140201,329,VERIA AMERICAS,0,0,22:10.3,0
20140201,330,ZEE TV AFRICAS,1908941.32,0,46:20.5,0
20140201,331,ZEE TV AMERICAS,16477492.21,0,46:20.5,0
20140201,332,ZEE TV EUROPE,4119652.97,0,46:20.5,0
20140201,333,ZEE CINEMA EUROPE,0,0,22:10.3,0
20140201,334,ZEE CINEMA AMERICAS,0,0,22:10.3,0
20140201,335,ZEE CAFE EUROPE,0,0,22:10.3,0
20140201,336,ZEE BUSINESS AMERICAS,0,0,22:10.3,0
20140201,337,ZEE KANNADA AMERICAS,0,0,22:10.3,0
20140201,339,M. E. Zee Cinema ,515130.36,0,46:20.5,0
20140201,340,Ten Hd ,1250460.11,0,18:04.7,0
20140201,341,Zee Aflam ,4464862.79,0,46:20.5,0
20140201,342,Zee Astro ,1295353.59,0,46:20.5,0
20140201,343,Zee Russia ,322320,0,46:20.5,0
20140201,344,Zee Tv Menap,3379544.74,0,46:20.5,0
20140201,345,Zeetv Apac ,6615948.54,0,46:20.5,0
20140201,346,Ten Golf,654980.15,0,18:04.7,0
20140201,347,Zee Cinema Hd,2155141.71,0,18:04.7,0
20140201,348,Zee Studio Hd ,1572872.04,0,18:04.7,0
20140201,349,Zee Tv Hd ,7362143.8,0,18:04.7,0
20140201,377,Zee Cafe HD,0,0,18:04.7,0
20140201,378,Zee Q,498063.81,0,18:04.7,0
20140201,382,Zee Telugu America,0,0,22:10.3,0
20140201,384,Zee Alwan,1369556.04,0,46:20.5,0
20140201,386,Zee TV Canada,0,0,22:10.3,0
20140201,387,Zee Anmol,52048031.63,0,18:04.7,0
20140201,388,& PICTURES,69540799.27,0,18:04.7,0
20140201,391,LAMHE EUROPE,0,0,22:10.3,0
20140201,395,ZEE 24GHANTE M.P. ASIA,20587262,0,18:04.7,0
20140201,396,ZEE RAJASTHAN PLUS,10104601,0,18:04.7,0
20140201,400,Zee Bangla Cinema ,13454413.89,0,18:04.7,0
20140201,401,Zee Talkies,30445762.78,0,18:04.7,0
20140201,402,ZEE GUJARATHI EUROPE,0,0,22:10.3,0
20140201,405,TEN CRICKET AMERICAS,0,0,22:10.3,0
20140301,5,24 Ghanta ,23192364.74,0,22:35.2,0
20140301,10,9X,12113734,0,22:35.2,0
20140301,260,Ten Action ,2221758,0,22:35.2,0
20140301,262,Ten Cricket ,539719923,0,22:35.2,0
20140301,263,Ten Sports India ,13171740,0,22:35.2,0
20140301,295,24 Taas ,21220550.01,0,22:35.2,0
20140301,296,Action Cinema ,10205239,0,22:35.2,0
20140301,297,Zee Bangla ,205983582,0,22:35.2,0
20140301,298,Zee Business ,14003408.92,0,22:35.2,0
20140301,299,Zee Cafe ,28747971,0,22:35.2,0
20140301,300,ZEE CINEMA,213146802,0,22:35.2,0
20140301,301,Classic Cinema,23743322,0,22:35.2,0
20140301,302,Etc ,14821779,0,22:35.2,0
20140301,303,Etc Punjabi ,5995962,0,22:35.2,0
20140301,304,Zee Kannada ,55052087,0,22:35.2,0
20140301,305,Zee Marathi ,169165646,0,22:35.2,0
20140301,306,Zee News ,129396423.8,0,22:35.2,0
20140301,307,Zee News Uttarpradesh ,5917927.3,0,22:35.2,0
20140301,308,Premiere Cinema,11775778,0,22:35.2,0
20140301,309,Zee Punjabi ,3059680.14,0,22:35.2,0
20140301,310,Zee Salaam ,2582527,0,22:35.2,0
20140301,311,Zee Smile ,14055269,0,22:35.2,0
20140301,312,Zee Studio ,19541709,0,22:35.2,0
20140301,314,Zee Tamizh ,58426555,0,22:35.2,0
20140301,315,Zee Telugu ,97341859,0,22:35.2,0
20140301,316,Zee Tv,771606544,0,22:35.2,0
20140301,317,Zing ,7879052,0,22:35.2,0
20140301,319,Jagran ,6905503,0,22:35.2,0
20140301,320,Zee Trendz ,252729,0,22:35.2,0
20140301,321,Zee Khana Khazana ,3609392,0,22:35.2,0
20140301,322,ZEE MARATHI AMERICAS,0,0,22:35.2,0
20140301,323,ZEE PUNJABI AMERICAS,0,0,22:35.2,0
20140301,324,ZEE PUNJABI EUROPE,0,0,22:35.2,0
20140301,325,ZEE SMILE AMERICAS,0,0,22:35.2,0
20140301,326,ZING AMERICAS,0,0,22:35.2,0
20140301,327,ZING EUROPE,0,0,22:35.2,0
20140301,329,VERIA AMERICAS,0,0,22:35.2,0
20140301,330,ZEE TV AFRICAS,2220686,0,22:35.2,0
20140301,331,ZEE TV AMERICAS,19437289,0,22:35.2,0
20140301,332,ZEE TV EUROPE,4240289,0,22:35.2,0
20140301,333,ZEE CINEMA EUROPE,0,0,22:35.2,0
20140301,334,ZEE CINEMA AMERICAS,0,0,22:35.2,0
20140301,335,ZEE CAFE EUROPE,0,0,22:35.2,0
20140301,336,ZEE BUSINESS AMERICAS,0,0,22:35.2,0
20140301,337,ZEE KANNADA AMERICAS,0,0,22:35.2,0
20140301,339,M. E. Zee Cinema ,250415,0,22:35.2,0
20140301,340,Ten Hd ,24433992,0,22:35.2,0
20140301,341,Zee Aflam ,6700088,0,22:35.2,0
20140301,342,Zee Astro ,1467596,0,22:35.2,0
20140301,343,Zee Russia ,329953,0,22:35.2,0
20140301,344,Zee Tv Menap,2631007,0,22:35.2,0
20140301,345,Zeetv Apac ,6921191,0,22:35.2,0
20140301,346,Ten Golf,0,0,22:35.2,0
20140301,347,Zee Cinema Hd,1104799,0,22:35.2,0
20140301,348,Zee Studio Hd ,1674549,0,22:35.2,0
20140301,349,Zee Tv Hd ,8751677,0,22:35.2,0
20140301,377,Zee Cafe HD,0,0,22:35.2,0
20140301,378,Zee Q,185520,0,22:35.2,0
20140301,382,Zee Telugu America,0,0,22:35.2,0
20140301,384,Zee Alwan,2014428,0,22:35.2,0
20140301,386,Zee TV Canada,0,0,22:35.2,0
20140301,387,Zee Anmol,23811301,0,22:35.2,0
20140301,388,& PICTURES,46317940,0,22:35.2,0
20140301,391,LAMHE EUROPE,0,0,22:35.2,0
20140301,395,ZEE 24GHANTE M.P. ASIA,3773836.72,0,22:35.2,0
20140301,396,ZEE RAJASTHAN PLUS,2758500.65,0,22:35.2,0
20140301,400,Zee Bangla Cinema ,12128152,0,22:35.2,0
20140301,401,Zee Talkies,38974735,0,22:35.2,0
20140301,405,TEN CRICKET AMERICAS,0,0,22:35.2,0
20140401,5,24 Ghanta ,24285142,0,26:53.2,0
20140401,10,9X,12113734,0,26:53.2,0
20140401,260,Ten Action ,4198229,0,26:53.2,0
20140401,262,Ten Cricket ,54960140,0,26:53.2,0
20140401,263,Ten Sports India ,13181045,0,26:53.2,0
20140401,295,24 Taas ,23563497,0,26:53.2,0
20140401,296,Action Cinema ,10687222,0,26:53.2,0
20140401,297,Zee Bangla ,208288914,0,26:53.2,0
20140401,298,Zee Business ,10019758,0,26:53.2,0
20140401,299,Zee Cafe ,23792600,0,26:53.2,0
20140401,300,ZEE CINEMA,176559202,0,26:53.2,0
20140401,301,Classic Cinema,22985633,0,26:53.2,0
20140401,302,Etc ,14859584,0,26:53.2,0
20140401,303,Etc Punjabi ,5000167,0,26:53.2,0
20140401,304,Zee Kannada ,64050892,0,26:53.2,0
20140401,305,Zee Marathi ,170251917,0,26:53.2,0
20140401,306,Zee News ,90332585,0,26:53.2,0
20140401,307,Zee Sangam,5148439,0,26:53.2,0
20140401,308,Premiere Cinema,10980467,0,26:53.2,0
20140401,309,Zee Punjabi ,3025090,0,26:53.2,0
20140401,310,Zee Salaam ,3452308,0,26:53.2,0
20140401,311,Zee Smile ,14262205,0,26:53.2,0
20140401,312,Zee Studio ,14117480,0,26:53.2,0
20140401,314,Zee Tamizh ,58251405,0,26:53.2,0
20140401,315,Zee Telugu ,94121673,0,26:53.2,0
20140401,316,Zee Tv,795799817,0,26:53.2,0
20140401,317,Zing ,7838902,0,26:53.2,0
20140401,319,Jagran ,4940289,0,26:53.2,0
20140401,321,Zee Khana Khazana ,2525506,0,26:53.2,0
20140401,340,Ten Hd ,247241,0,26:53.2,0
20140401,347,Zee Cinema Hd,518796,0,26:53.2,0
20140401,348,Zee Studio Hd ,1613582,0,26:53.2,0
20140401,349,Zee Tv Hd ,6300947,0,26:53.2,0
20140401,378,Zee Q,134090,0,26:53.2,0
20140401,387,Zee Anmol,27416287,0,26:53.2,0
20140401,388,& PICTURES,55904040,0,26:53.2,0
20140401,395,ZEE 24GHANTE M.P. ASIA,3158840,0,26:53.2,0
20140401,396,Zee Marudhara,2084494,0,26:53.2,0
20140401,400,Zee Bangla Cinema ,11643743,0,26:53.2,0
20140401,401,Zee Talkies,27132003,0,26:53.2,0
20140401,855,Maurya,26573,0,17:32.7,0
20140501,5,24 Ghanta ,29141796.35,0,51:02.6,0
20140501,10,9X,10941437.01,0,51:02.6,0
20140501,260,Ten Action ,6046681.29,0,51:02.6,0
20140501,262,Ten Cricket ,5693817.41,0,51:02.6,0
20140501,263,Ten Sports India ,17362986.66,0,51:02.6,0
20140501,295,24 Taas ,26798736.18,0,51:02.6,0
20140501,296,Action Cinema ,10028053.76,0,51:02.6,0
20140501,297,Zee Bangla ,210750566.5,0,51:02.6,0
20140501,298,Zee Business ,17816573.78,0,51:02.6,0
20140501,299,Zee Cafe ,22352098.13,0,51:02.6,0
20140501,300,ZEE CINEMA,187101568.7,0,51:02.6,0
20140501,301,Classic Cinema,22189882.65,0,51:02.6,0
20140501,302,Etc ,17928784.08,0,51:02.6,0
20140501,303,Etc Punjabi ,3925286.82,0,51:02.6,0
20140501,304,Zee Kannada ,58114963.27,0,51:02.6,0
20140501,305,Zee Marathi ,190770630,0,51:02.6,0
20140501,306,Zee News ,119459205.7,0,51:02.6,0
20140501,307,Zee Sangam,8040231.85,0,51:02.6,0
20140501,308,Premiere Cinema,9730606.88,0,51:02.6,0
20140501,309,Zee Punjabi ,3027541.52,0,51:02.6,0
20140501,310,Zee Salaam ,3849627.4,0,51:02.6,0
20140501,311,Zee Smile ,12511761.33,0,51:02.6,0
20140501,312,Zee Studio ,13940036.44,0,51:02.6,0
20140501,314,Zee Tamizh ,57138850.55,0,51:02.6,0
20140501,315,Zee Telugu ,91358425.81,0,51:02.6,0
20140501,316,Zee Tv,850192367.2,0,51:02.6,0
20140501,317,Zing ,7695310.68,0,51:02.6,0
20140501,319,Jagran ,4735198.72,0,51:02.6,0
20140501,320,Zee Trendz ,0,0,51:02.6,0
20140501,321,Zee Khana Khazana ,2220401.49,0,51:02.6,0
20140501,322,ZEE MARATHI AMERICAS,0,0,51:02.6,0
20140501,323,ZEE PUNJABI AMERICAS,0,0,51:02.6,0
20140501,324,ZEE PUNJABI EUROPE,0,0,51:02.6,0
20140501,325,ZEE SMILE AMERICAS,0,0,51:02.6,0
20140501,326,ZING AMERICAS,0,0,51:02.6,0
20140501,327,ZING EUROPE,0,0,51:02.6,0
20140501,329,VERIA AMERICAS,0,0,51:02.6,0
20140501,330,ZEE TV AFRICAS,0,0,51:02.6,0
20140501,331,ZEE TV AMERICAS,0,0,51:02.6,0
20140501,332,ZEE TV EUROPE,0,0,51:02.6,0
20140501,333,ZEE CINEMA EUROPE,0,0,51:02.6,0
20140501,334,ZEE CINEMA AMERICAS,0,0,51:02.6,0
20140501,335,ZEE CAFE EUROPE,0,0,51:02.6,0
20140501,336,ZEE BUSINESS AMERICAS,0,0,51:02.6,0
20140501,337,ZEE KANNADA AMERICAS,0,0,51:02.6,0
20140501,339,M. E. Zee Cinema ,0,0,51:02.6,0
20140501,340,Ten Hd ,251515.07,0,51:02.6,0
20140501,341,Zee Aflam ,0,0,51:02.6,0
20140501,342,Zee Astro ,0,0,51:02.6,0
20140501,343,Zee Russia ,0,0,51:02.6,0
20140501,344,Zee Tv Menap,0,0,51:02.6,0
20140501,345,Zeetv Apac ,0,0,51:02.6,0
20140501,346,Ten Golf,0,0,51:02.6,0
20140501,347,Zee Cinema Hd,2783581.89,0,51:02.6,0
20140501,348,Zee Studio Hd ,1825424.15,0,51:02.6,0
20140501,349,Zee Tv Hd ,19805296.06,0,51:02.6,0
20140501,377,Zee Cafe HD,0,0,51:02.6,0
20140501,378,Zee Q,394630.8,0,51:02.6,0
20140501,382,Zee Telugu America,0,0,51:02.6,0
20140501,384,Zee Alwan,0,0,51:02.6,0
20140501,386,Zee TV Canada,0,0,51:02.6,0
20140501,387,Zee Anmol,39895496.63,0,51:02.6,0
20140501,388,& PICTURES,46026581.8,0,51:02.6,0
20140501,391,LAMHE EUROPE,0,0,51:02.6,0
20140501,395,ZEE 24GHANTE M.P. ASIA,4323821.75,0,51:02.6,0
20140501,396,Zee Marudhara,1346915.22,0,51:02.6,0
20140501,400,Zee Bangla Cinema ,15091502.25,0,51:02.6,0
20140501,401,Zee Talkies,30171248.6,0,51:02.6,0
20140501,402,ZEE GUJARATHI EUROPE,0,0,51:02.6,0
20140501,403,ZEE GUJARATHI AMERICAS,0,0,51:02.6,0
20140501,405,TEN CRICKET AMERICAS,0,0,51:02.6,0
20140501,854,ZEE KALINGA,215079.48,0,51:02.6,0
20140501,855,Maurya,966747.73,0,51:02.6,0
20140601,5,24 Ghanta ,31539120.1,0,28:24.2,0
20140601,10,9X,12113733.85,0,28:24.2,0
20140601,260,Ten Action ,4241612.49,0,28:24.2,0
20140601,262,Ten Cricket ,10100338.16,0,28:24.2,0
20140601,263,Ten Sports India ,20714967.4,0,28:24.2,0
20140601,295,24 Taas ,26275013.49,0,28:24.2,0
20140601,296,Action Cinema ,13131707,0,28:24.2,0
20140601,297,Zee Bangla ,201670801.7,0,28:24.2,0
20140601,298,Zee Business ,13120081.43,0,28:24.2,0
20140601,299,Zee Cafe ,32483054.63,0,28:24.2,0
20140601,300,ZEE CINEMA,233068272.3,0,28:24.2,0
20140601,301,Classic Cinema,26693381.63,0,28:24.2,0
20140601,302,Etc ,17609515.93,0,28:24.2,0
20140601,303,Etc Punjabi ,4062659.36,0,28:24.2,0
20140601,304,Zee Kannada ,73835106.98,0,28:24.2,0
20140601,305,Zee Marathi ,210007150.3,0,28:24.2,0
20140601,306,Zee News ,174839015,0,28:24.2,0
20140601,307,Zee Sangam,6756711.16,0,28:24.2,0
20140601,308,Premiere Cinema,12857026.73,0,28:24.2,0
20140601,309,Zee Punjabi ,2116548.5,0,28:24.2,0
20140601,310,Zee Salaam ,3533745.39,0,28:24.2,0
20140601,311,Zee Smile ,13900789.31,0,28:24.2,0
20140601,312,Zee Studio ,16771321.93,0,28:24.2,0
20140601,314,Zee Tamizh ,56502309.74,0,28:24.2,0
20140601,315,Zee Telugu ,111464635.4,0,28:24.2,0
20140601,316,Zee Tv,871998948.3,0,28:24.2,0
20140601,317,Zing ,11387639.44,0,28:24.2,0
20140601,319,Jagran ,5213762.42,0,28:24.2,0
20140601,320,Zee Trendz ,0,0,28:24.2,0
20140601,321,Zee Khana Khazana ,3153699.68,0,28:24.2,0
20140601,322,ZEE MARATHI AMERICAS,0,0,28:24.2,0
20140601,323,ZEE PUNJABI AMERICAS,0,0,28:24.2,0
20140601,324,ZEE PUNJABI EUROPE,0,0,28:24.2,0
20140601,325,ZEE SMILE AMERICAS,0,0,28:24.2,0
20140601,326,ZING AMERICAS,0,0,28:24.2,0
20140601,327,ZING EUROPE,0,0,28:24.2,0
20140601,329,VERIA AMERICAS,0,0,28:24.2,0
20140601,330,ZEE TV AFRICAS,3171018.82,0,28:24.2,0
20140601,331,ZEE TV AMERICAS,12156986.9,0,28:24.2,0
20140601,332,ZEE TV EUROPE,3685170.78,0,28:24.2,0
20140601,333,ZEE CINEMA EUROPE,0,0,28:24.2,0
20140601,334,ZEE CINEMA AMERICAS,0,0,28:24.2,0
20140601,335,ZEE CAFE EUROPE,0,0,28:24.2,0
20140601,336,ZEE BUSINESS AMERICAS,0,0,28:24.2,0
20140601,337,ZEE KANNADA AMERICAS,0,0,28:24.2,0
20140601,339,M. E. Zee Cinema ,92258.99,0,28:24.2,0
20140601,340,Ten Hd ,55871.01,0,28:24.2,0
20140601,341,Zee Aflam ,9093450.97,0,28:24.2,0
20140601,342,Zee Astro ,1599703.75,0,28:24.2,0
20140601,343,Zee Russia ,326060,0,28:24.2,0
20140601,344,Zee Tv Menap,5250891.64,0,28:24.2,0
20140601,345,Zeetv Apac ,5654524.43,0,28:24.2,0
20140601,346,Ten Golf,0,0,28:24.2,0
20140601,347,Zee Cinema Hd,5972157.61,0,28:24.2,0
20140601,348,Zee Studio Hd ,1512004.94,0,28:24.2,0
20140601,349,Zee Tv Hd ,12912005.65,0,28:24.2,0
20140601,377,Zee Cafe HD,0,0,28:24.2,0
20140601,378,Zee Q,350282.58,0,28:24.2,0
20140601,382,Zee Telugu America,0,0,28:24.2,0
20140601,384,Zee Alwan,1128412.16,0,28:24.2,0
20140601,386,Zee TV Canada,0,0,28:24.2,0
20140601,387,Zee Anmol,38665974.41,0,28:24.2,0
20140601,388,& PICTURES,71929070.09,0,28:24.2,0
20140601,391,LAMHE EUROPE,0,0,28:24.2,0
20140601,395,ZEE 24GHANTE M.P. ASIA,4036258.2,0,28:24.2,0
20140601,396,Zee Marudhara,1582834.15,0,28:24.2,0
20140601,400,Zee Bangla Cinema ,14968487.14,0,28:24.2,0
20140601,401,Zee Talkies,32751274.83,0,28:24.2,0
20140601,402,ZEE GUJARATHI EUROPE,0,0,28:24.2,0
20140601,403,ZEE GUJARATHI AMERICAS,0,0,28:24.2,0
20140601,405,TEN CRICKET AMERICAS,0,0,28:24.2,0
20140601,854,ZEE KALINGA,275630.32,0,28:24.2,0
20140601,855,Maurya,1257760.93,0,28:24.2,0
20140701,5,24 Ghanta ,34821960.49,0,12:04.1,0
20140701,10,9X,11887491.35,0,12:04.1,0
20140701,260,Ten Action ,19658553.66,0,12:04.1,0
20140701,262,Ten Cricket ,509834.91,0,12:04.1,0
20140701,263,Ten Sports India ,19507317.11,0,12:04.1,0
20140701,295,24 Taas ,40575258.45,0,12:04.1,0
20140701,296,Action Cinema ,12838693.27,0,12:04.1,0
20140701,297,Zee Bangla ,211106358.6,0,12:04.1,0
20140701,298,Zee Business ,14570717.78,0,12:04.1,0
20140701,299,Zee Cafe ,23818853.53,0,12:04.1,0
20140701,300,ZEE CINEMA,189304543.7,0,12:04.1,0
20140701,301,Classic Cinema,24302209.21,0,12:04.1,0
20140701,302,Etc ,12905586.25,0,12:04.1,0
20140701,303,Etc Punjabi ,2923968.98,0,12:04.1,0
20140701,304,Zee Kannada ,62053073.56,0,12:04.1,0
20140701,305,Zee Marathi ,233641574.8,0,12:04.1,0
20140701,306,Zee News ,186981279.8,0,12:04.1,0
20140701,307,Zee Sangam,9959938.89,0,12:04.1,0
20140701,308,Premiere Cinema,12155995.01,0,12:04.1,0
20140701,309,Zee Punjabi ,3642718.74,0,12:04.1,0
20140701,310,Zee Salaam ,4358188.04,0,12:04.1,0
20140701,311,Zee Smile ,12508134.27,0,12:04.1,0
20140701,312,Zee Studio ,10436715.02,0,12:04.1,0
20140701,314,Zee Tamizh ,65223085.46,0,12:04.1,0
20140701,315,Zee Telugu ,102406119.8,0,12:04.1,0
20140701,316,Zee Tv,891295272.2,0,12:04.1,0
20140701,317,Zing ,13887050.51,0,12:04.1,0
20140701,319,Jagran ,6249158.74,0,12:04.1,0
20140701,320,Zee Trendz ,0,0,12:04.1,0
20140701,321,Zee Khana Khazana ,3321669.46,0,12:04.1,0
20140701,322,ZEE MARATHI AMERICAS,0,0,12:04.1,0
20140701,323,ZEE PUNJABI AMERICAS,0,0,12:04.1,0
20140701,324,ZEE PUNJABI EUROPE,0,0,12:04.1,0
20140701,325,ZEE SMILE AMERICAS,0,0,12:04.1,0
20140701,326,ZING AMERICAS,0,0,12:04.1,0
20140701,327,ZING EUROPE,0,0,12:04.1,0
20140701,329,VERIA AMERICAS,0,0,12:04.1,0
20140701,330,ZEE TV AFRICAS,0,0,12:04.1,0
20140701,331,ZEE TV AMERICAS,0,0,12:04.1,0
20140701,332,ZEE TV EUROPE,0,0,12:04.1,0
20140701,333,ZEE CINEMA EUROPE,0,0,12:04.1,0
20140701,334,ZEE CINEMA AMERICAS,0,0,12:04.1,0
20140701,335,ZEE CAFE EUROPE,0,0,12:04.1,0
20140701,336,ZEE BUSINESS AMERICAS,0,0,12:04.1,0
20140701,337,ZEE KANNADA AMERICAS,0,0,12:04.1,0
20140701,339,M. E. Zee Cinema ,0,0,12:04.1,0
20140701,340,Ten Hd ,828992.09,0,12:04.1,0
20140701,341,Zee Aflam ,0,0,12:04.1,0
20140701,342,Zee Astro ,0,0,12:04.1,0
20140701,343,Zee Russia ,0,0,12:04.1,0
20140701,344,Zee Tv Menap,0,0,12:04.1,0
20140701,345,Zeetv Apac ,0,0,12:04.1,0
20140701,346,Ten Golf,0,0,12:04.1,0
20140701,347,Zee Cinema Hd,3086248.32,0,12:04.1,0
20140701,348,Zee Studio Hd ,2262312.44,0,12:04.1,0
20140701,349,Zee Tv Hd ,15643400.61,0,12:04.1,0
20140701,377,Zee Cafe HD,0,0,12:04.1,0
20140701,378,Zee Q,240567.82,0,12:04.1,0
20140701,382,Zee Telugu America,0,0,12:04.1,0
20140701,384,Zee Alwan,0,0,12:04.1,0
20140701,386,Zee TV Canada,0,0,12:04.1,0
20140701,387,Zee Anmol,41893238.6,0,12:04.1,0
20140701,388,& PICTURES,66504297.39,0,12:04.1,0
20140701,391,LAMHE EUROPE,0,0,12:04.1,0
20140701,395,ZEE 24GHANTE M.P. ASIA,5299750.46,0,12:04.1,0
20140701,396,Zee Marudhara,4403479.72,0,12:04.1,0
20140701,400,Zee Bangla Cinema ,12883893.96,0,12:04.1,0
20140701,401,Zee Talkies,45466868.83,0,12:04.1,0
20140701,402,ZEE GUJARATHI EUROPE,0,0,12:04.1,0
20140701,403,ZEE GUJARATHI AMERICAS,0,0,12:04.1,0
20140701,405,TEN CRICKET AMERICAS,0,0,12:04.1,0
20140701,854,ZEE KALINGA,1306924.65,0,12:04.1,0
20140701,855,Maurya,1478044.9,0,12:04.1,0
20140701,892,ZINDAGI,0,0,12:04.1,0
20140801,5,24 Ghanta ,45097597,0,41:15.8,0
20140801,10,9X,12421190.13,0,41:15.8,0
20140801,260,Ten Action ,14000218.95,0,41:15.8,0
20140801,262,Ten Cricket ,2827382.1,0,41:15.8,0
20140801,263,Ten Sports India ,14920651.78,0,41:15.8,0
20140801,295,24 Taas ,27112933,0,41:15.8,0
20140801,296,Action Cinema ,11899286.63,0,41:15.8,0
20140801,297,Zee Bangla ,203593035,0,41:15.8,0
20140801,298,Zee Business ,20057558,0,41:15.8,0
20140801,299,Zee Cafe ,26370060.12,0,41:15.8,0
20140801,300,ZEE CINEMA,185382052.5,0,41:15.8,0
20140801,301,Classic Cinema,25594066.32,0,41:15.8,0
20140801,302,Etc ,17263064.19,0,41:15.8,0
20140801,303,Etc Punjabi ,0,0,41:15.8,0
20140801,304,Zee Kannada ,57442527.77,0,41:15.8,0
20140801,305,Zee Marathi ,192490769.7,0,41:15.8,0
20140801,306,Zee News ,230679038,230679038,41:15.8,0
20140801,307,Zee Sangam,10699488,0,41:15.8,0
20140801,308,Premiere Cinema,11086596.18,0,41:15.8,0
20140801,309,Zee Punjabi ,2214761,0,41:15.8,0
20140801,310,Zee Salaam ,4433404.53,0,41:15.8,0
20140801,311,Zee Smile ,13010352.05,0,41:15.8,0
20140801,312,Zee Studio ,13522578.16,0,41:15.8,0
20140801,314,Zee Tamizh ,54090532.22,0,41:15.8,0
20140801,315,Zee Telugu ,112212923.7,0,41:15.8,0
20140801,316,Zee Tv,802037769.1,0,41:15.8,0
20140801,317,Zing ,16238942.75,0,41:15.8,0
20140801,319,Jagran ,5580847.05,0,41:15.8,0
20140801,320,Zee Trendz ,0,0,41:15.8,0
20140801,321,Zee Khana Khazana ,6580998.35,0,41:15.8,0
20140801,322,ZEE MARATHI AMERICAS,0,0,41:15.8,0
20140801,323,ZEE PUNJABI AMERICAS,0,0,41:15.8,0
20140801,324,ZEE PUNJABI EUROPE,0,0,41:15.8,0
20140801,325,ZEE SMILE AMERICAS,0,0,41:15.8,0
20140801,326,ZING AMERICAS,0,0,41:15.8,0
20140801,327,ZING EUROPE,0,0,41:15.8,0
20140801,329,VERIA AMERICAS,0,0,41:15.8,0
20140801,330,ZEE TV AFRICAS,0,0,41:15.8,0
20140801,331,ZEE TV AMERICAS,0,0,41:15.8,0
20140801,332,ZEE TV EUROPE,0,0,41:15.8,0
20140801,333,ZEE CINEMA EUROPE,0,0,41:15.8,0
20140801,334,ZEE CINEMA AMERICAS,0,0,41:15.8,0
20140801,335,ZEE CAFE EUROPE,0,0,41:15.8,0
20140801,336,ZEE BUSINESS AMERICAS,0,0,41:15.8,0
20140801,337,ZEE KANNADA AMERICAS,0,0,41:15.8,0
20140801,339,M. E. Zee Cinema ,0,0,41:15.8,0
20140801,340,Ten Hd ,1046352.52,0,41:15.8,0
20140801,341,Zee Aflam ,0,0,41:15.8,0
20140801,342,Zee Astro ,0,0,41:15.8,0
20140801,343,Zee Russia ,0,0,41:15.8,0
20140801,344,Zee Tv Menap,0,0,41:15.8,0
20140801,345,Zeetv Apac ,0,0,41:15.8,0
20140801,346,Ten Golf,4808000,0,41:15.8,0
20140801,347,Zee Cinema Hd,4065130.87,0,41:15.8,0
20140801,348,Zee Studio Hd ,2593525.54,0,41:15.8,0
20140801,349,Zee Tv Hd ,16684917.54,0,41:15.8,0
20140801,377,Zee Cafe HD,0,0,41:15.8,0
20140801,378,Zee Q,113996.53,0,41:15.8,0
20140801,382,Zee Telugu America,0,0,41:15.8,0
20140801,384,Zee Alwan,0,0,41:15.8,0
20140801,386,Zee TV Canada,0,0,41:15.8,0
20140801,387,Zee Anmol,42774393.35,0,41:15.8,0
20140801,388,& PICTURES,59775934.75,0,41:15.8,0
20140801,391,LAMHE EUROPE,0,0,41:15.8,0
20140801,395,ZEE 24GHANTE M.P. ASIA,4420439,0,41:15.8,0
20140801,396,Zee Marudhara,3989357,0,41:15.8,0
20140801,400,Zee Bangla Cinema ,14048370.84,0,41:15.8,0
20140801,401,Zee Talkies,35794254.35,0,41:15.8,0
20140801,402,ZEE GUJARATHI EUROPE,0,0,41:15.8,0
20140801,403,ZEE GUJARATHI AMERICAS,0,0,41:15.8,0
20140801,405,TEN CRICKET AMERICAS,0,0,41:15.8,0
20140801,854,ZEE KALINGA,1031231,0,41:15.8,0
20140801,855,Maurya,986188,0,41:15.8,0
20140801,892,ZINDAGI,0,0,41:15.8,0
20140901,5,24 Ghanta ,36517998,0,26:09.2,0
20140901,10,9X,12509713,0,26:09.2,0
20140901,260,Ten Action ,2571022,0,26:09.2,0
20140901,262,Ten Cricket ,3616191,0,26:09.2,0
20140901,263,Ten Sports India ,26478949,0,26:09.2,0
20140901,295,24 Taas ,24358066,0,26:09.2,0
20140901,296,Action Cinema ,10549075,0,26:09.2,0
20140901,297,Zee Bangla ,223479073,0,26:09.2,0
20140901,298,Zee Business ,12519092,0,26:09.2,0
20140901,299,Zee Cafe ,28186811,0,26:09.2,0
20140901,300,ZEE CINEMA,190254315,0,26:09.2,0
20140901,301,Classic Cinema,24788082,0,26:09.2,0
20140901,302,Etc ,16384673,0,26:09.2,0
20140901,303,Etc Punjabi ,0,0,26:09.2,0
20140901,304,Zee Kannada ,61395032,0,26:09.2,0
20140901,305,Zee Marathi ,200443171,0,26:09.2,0
20140901,306,Zee News ,129390359,0,26:09.2,0
20140901,307,Zee Sangam,6627746,0,26:09.2,0
20140901,308,Premiere Cinema,10228274,0,26:09.2,0
20140901,309,Zee Punjabi ,1979843,0,26:09.2,0
20140901,310,Zee Salaam ,2387945,0,26:09.2,0
20140901,311,Zee Smile ,12918657,0,26:09.2,0
20140901,312,Zee Studio ,15409380,0,26:09.2,0
20140901,314,Zee Tamizh ,53530626,0,26:09.2,0
20140901,315,Zee Telugu ,102650649,0,26:09.2,0
20140901,316,Zee Tv,778013429,0,26:09.2,0
20140901,317,Zing ,17850115,0,26:09.2,0
20140901,319,Jagran ,5869462,0,26:09.2,0
20140901,320,Zee Trendz ,0,0,26:09.2,0
20140901,321,Zee Khana Khazana ,6753014,0,26:09.2,0
20140901,322,ZEE MARATHI AMERICAS,0,0,26:09.2,0
20140901,323,ZEE PUNJABI AMERICAS,0,0,26:09.2,0
20140901,324,ZEE PUNJABI EUROPE,0,0,26:09.2,0
20140901,325,ZEE SMILE AMERICAS,0,0,26:09.2,0
20140901,326,ZING AMERICAS,0,0,26:09.2,0
20140901,327,ZING EUROPE,0,0,26:09.2,0
20140901,329,VERIA AMERICAS,0,0,26:09.2,0
20140901,330,ZEE TV AFRICAS,0,0,26:09.2,0
20140901,331,ZEE TV AMERICAS,0,0,26:09.2,0
20140901,332,ZEE TV EUROPE,0,0,26:09.2,0
20140901,333,ZEE CINEMA EUROPE,0,0,26:09.2,0
20140901,334,ZEE CINEMA AMERICAS,0,0,26:09.2,0
20140901,335,ZEE CAFE EUROPE,0,0,26:09.2,0
20140901,336,ZEE BUSINESS AMERICAS,0,0,26:09.2,0
20140901,337,ZEE KANNADA AMERICAS,0,0,26:09.2,0
20140901,339,M. E. Zee Cinema ,0,0,26:09.2,0
20140901,340,Ten Hd ,392291,0,26:09.2,0
20140901,341,Zee Aflam ,0,0,26:09.2,0
20140901,342,Zee Astro ,0,0,26:09.2,0
20140901,343,Zee Russia ,0,0,26:09.2,0
20140901,344,Zee Tv Menap,0,0,26:09.2,0
20140901,345,Zeetv Apac ,0,0,26:09.2,0
20140901,346,Ten Golf,2387650,0,26:09.2,0
20140901,347,Zee Cinema Hd,3963900,0,26:09.2,0
20140901,348,Zee Studio Hd ,3279211,0,26:09.2,0
20140901,349,Zee Tv Hd ,13990091,0,26:09.2,0
20140901,377,Zee Cafe HD,0,0,26:09.2,0
20140901,378,Zee Q,282200,0,26:09.2,0
20140901,382,Zee Telugu America,0,0,26:09.2,0
20140901,384,Zee Alwan,0,0,26:09.2,0
20140901,386,Zee TV Canada,0,0,26:09.2,0
20140901,387,Zee Anmol,41709656,0,26:09.2,0
20140901,388,& PICTURES,70550118,0,26:09.2,0
20140901,391,LAMHE EUROPE,0,0,26:09.2,0
20140901,395,ZEE 24GHANTE M.P. ASIA,4202419,0,26:09.2,0
20140901,396,Zee Marudhara,1671609,0,26:09.2,0
20140901,400,Zee Bangla Cinema ,13081089,0,26:09.2,0
20140901,401,Zee Talkies,41731661,0,26:09.2,0
20140901,402,ZEE GUJARATHI EUROPE,0,0,26:09.2,0
20140901,403,ZEE GUJARATHI AMERICAS,0,0,26:09.2,0
20140901,405,TEN CRICKET AMERICAS,0,0,26:09.2,0
20140901,854,ZEE KALINGA,1030058,0,26:09.2,0
20140901,855,Maurya,1598250,0,26:09.2,0
20140901,892,ZINDAGI,19502638,0,26:09.2,0
20141001,5,24 Ghanta ,33039189,0,15:14.5,0
20141001,10,9X,12957692,0,15:14.5,0
20141001,260,Ten Action ,13567158,0,15:14.5,0
20141001,262,Ten Cricket ,2132007,0,15:14.5,0
20141001,263,Ten Sports India ,11722548,0,15:14.5,0
20141001,295,24 Taas ,27629262,0,15:14.5,0
20141001,296,Action Cinema ,11854838,0,15:14.5,0
20141001,297,Zee Bangla ,207323251,0,15:14.5,0
20141001,298,Zee Business ,20296259,0,15:14.5,0
20141001,299,Zee Cafe ,29777832,0,15:14.5,0
20141001,300,ZEE CINEMA,158810897,0,15:14.5,0
20141001,301,Classic Cinema,26522321,0,15:14.5,0
20141001,302,Etc ,12104741,0,15:14.5,0
20141001,303,Etc Punjabi ,0,0,15:14.5,0
20141001,304,Zee Kannada ,49545251,0,15:14.5,0
20141001,305,Zee Marathi ,205894407,0,15:14.5,0
20141001,306,Zee News ,149157111,0,15:14.5,0
20141001,307,Zee Sangam,8390792,0,15:14.5,0
20141001,308,Premiere Cinema,11067371,0,15:14.5,0
20141001,309,Zee Punjabi ,2333391,0,15:14.5,0
20141001,310,Zee Salaam ,5951462,0,15:14.5,0
20141001,311,Zee Smile ,12891946,0,15:14.5,0
20141001,312,Zee Studio ,13868405,0,15:14.5,0
20141001,314,Zee Tamizh ,53326207,0,15:14.5,0
20141001,315,Zee Telugu ,99271730,0,15:14.5,0
20141001,316,Zee Tv,709053356,0,15:14.5,0
20141001,317,Zing ,16255329,0,15:14.5,0
20141001,319,Jagran ,6369913,0,15:14.5,0
20141001,320,Zee Trendz ,0,0,15:14.5,0
20141001,321,Zee Khana Khazana ,6756276,0,15:14.5,0
20141001,322,ZEE MARATHI AMERICAS,0,0,15:14.5,0
20141001,323,ZEE PUNJABI AMERICAS,0,0,15:14.5,0
20141001,324,ZEE PUNJABI EUROPE,0,0,15:14.5,0
20141001,325,ZEE SMILE AMERICAS,0,0,15:14.5,0
20141001,326,ZING AMERICAS,0,0,15:14.5,0
20141001,327,ZING EUROPE,0,0,15:14.5,0
20141001,329,VERIA AMERICAS,0,0,15:14.5,0
20141001,330,ZEE TV AFRICAS,0,0,15:14.5,0
20141001,331,ZEE TV AMERICAS,0,0,15:14.5,0
20141001,332,ZEE TV EUROPE,0,0,15:14.5,0
20141001,333,ZEE CINEMA EUROPE,0,0,15:14.5,0
20141001,334,ZEE CINEMA AMERICAS,0,0,15:14.5,0
20141001,335,ZEE CAFE EUROPE,0,0,15:14.5,0
20141001,336,ZEE BUSINESS AMERICAS,0,0,15:14.5,0
20141001,337,ZEE KANNADA AMERICAS,0,0,15:14.5,0
20141001,339,M. E. Zee Cinema ,0,0,15:14.5,0
20141001,340,Ten Hd ,979295,0,15:14.5,0
20141001,341,Zee Aflam ,0,0,15:14.5,0
20141001,342,Zee Astro ,0,0,15:14.5,0
20141001,343,Zee Russia ,0,0,15:14.5,0
20141001,344,Zee Tv Menap,0,0,15:14.5,0
20141001,345,Zeetv Apac ,0,0,15:14.5,0
20141001,346,Ten Golf,3183533,0,15:14.5,0
20141001,347,Zee Cinema Hd,4609459,0,15:14.5,0
20141001,348,Zee Studio Hd ,4769928,0,15:14.5,0
20141001,349,Zee Tv Hd ,18924827,0,15:14.5,0
20141001,377,Zee Cafe HD,0,0,15:14.5,0
20141001,378,Zee Q,594778,0,15:14.5,0
20141001,382,Zee Telugu America,0,0,15:14.5,0
20141001,384,Zee Alwan,0,0,15:14.5,0
20141001,386,Zee TV Canada,0,0,15:14.5,0
20141001,387,Zee Anmol,46001826,0,15:14.5,0
20141001,388,& PICTURES,70633696,0,15:14.5,0
20141001,391,LAMHE EUROPE,0,0,15:14.5,0
20141001,395,ZEE 24GHANTE M.P. ASIA,5691739,0,15:14.5,0
20141001,396,Zee Marudhara,1643884,0,15:14.5,0
20141001,400,Zee Bangla Cinema ,15812118,0,15:14.5,0
20141001,401,Zee Talkies,41481738,0,15:14.5,0
20141001,402,ZEE GUJARATHI EUROPE,0,0,15:14.5,0
20141001,403,ZEE GUJARATHI AMERICAS,0,0,15:14.5,0
20141001,405,TEN CRICKET AMERICAS,0,0,15:14.5,0
20141001,854,ZEE KALINGA,1364332,0,15:14.5,0
20141001,855,Maurya,600904,0,15:14.5,0
20141001,892,ZINDAGI,42275619,0,15:14.5,0
20141101,5,24 Ghanta ,31657654,0,16:29.5,0
20141101,10,9X,7863200,0,16:29.5,0
20141101,260,Ten Action ,21486710,0,16:29.5,0
20141101,262,Ten Cricket ,3759180,0,16:29.5,0
20141101,263,Ten Sports India ,24137230,0,16:29.5,0
20141101,295,24 Taas ,34956030,0,16:29.5,0
20141101,296,Action Cinema ,13444906,0,16:29.5,0
20141101,297,Zee Bangla ,232288055,0,16:29.5,0
20141101,298,Zee Business ,22966171,0,16:29.5,0
20141101,299,Zee Cafe ,39441981,0,16:29.5,0
20141101,300,ZEE CINEMA,234643773,0,16:29.5,0
20141101,301,Classic Cinema,28400093,0,16:29.5,0
20141101,302,Etc ,19194331,0,16:29.5,0
20141101,303,Etc Punjabi ,0,0,16:29.5,0
20141101,304,Zee Kannada ,67033599,0,16:29.5,0
20141101,305,Zee Marathi ,220801676,0,16:29.5,0
20141101,306,Zee News ,142181950,0,16:29.5,0
20141101,307,Zee Sangam,6530019,0,16:29.5,0
20141101,308,Premiere Cinema,11398733,0,16:29.5,0
20141101,309,Zee Punjabi ,2371322,0,16:29.5,0
20141101,310,Zee Salaam ,3034874,0,16:29.5,0
20141101,311,Zee Smile ,12381462,0,16:29.5,0
20141101,312,Zee Studio ,15239059,0,16:29.5,0
20141101,314,Zee Tamizh ,58462109,0,16:29.5,0
20141101,315,Zee Telugu ,110846973,0,16:29.5,0
20141101,316,Zee Tv,699313791,0,16:29.5,0
20141101,317,Zing ,18239833,0,16:29.5,0
20141101,319,Jagran ,6375775,0,16:29.5,0
20141101,320,Zee Trendz ,0,0,16:29.5,0
20141101,321,Zee Khana Khazana ,8956229,0,16:29.5,0
20141101,322,ZEE MARATHI AMERICAS,0,0,16:29.5,0
20141101,323,ZEE PUNJABI AMERICAS,0,0,16:29.5,0
20141101,324,ZEE PUNJABI EUROPE,0,0,16:29.5,0
20141101,325,ZEE SMILE AMERICAS,0,0,16:29.5,0
20141101,326,ZING AMERICAS,0,0,16:29.5,0
20141101,327,ZING EUROPE,0,0,16:29.5,0
20141101,329,VERIA AMERICAS,0,0,16:29.5,0
20141101,330,ZEE TV AFRICAS,0,0,16:29.5,0
20141101,331,ZEE TV AMERICAS,0,0,16:29.5,0
20141101,332,ZEE TV EUROPE,0,0,16:29.5,0
20141101,333,ZEE CINEMA EUROPE,0,0,16:29.5,0
20141101,334,ZEE CINEMA AMERICAS,0,0,16:29.5,0
20141101,335,ZEE CAFE EUROPE,0,0,16:29.5,0
20141101,336,ZEE BUSINESS AMERICAS,0,0,16:29.5,0
20141101,337,ZEE KANNADA AMERICAS,0,0,16:29.5,0
20141101,339,M. E. Zee Cinema ,0,0,16:29.5,0
20141101,340,Ten Hd ,677472,0,16:29.5,0
20141101,341,Zee Aflam ,0,0,16:29.5,0
20141101,342,Zee Astro ,0,0,16:29.5,0
20141101,343,Zee Russia ,0,0,16:29.5,0
20141101,344,Zee Tv Menap,0,0,16:29.5,0
20141101,345,Zeetv Apac ,0,0,16:29.5,0
20141101,346,Ten Golf,0,0,16:29.5,0
20141101,347,Zee Cinema Hd,9100812,0,16:29.5,0
20141101,348,Zee Studio Hd ,5371108,0,16:29.5,0
20141101,349,Zee Tv Hd ,22091716,0,16:29.5,0
20141101,377,Zee Cafe HD,0,0,16:29.5,0
20141101,378,Zee Q,503187,0,16:29.5,0
20141101,382,Zee Telugu America,0,0,16:29.5,0
20141101,384,Zee Alwan,0,0,16:29.5,0
20141101,386,Zee TV Canada,0,0,16:29.5,0
20141101,387,Zee Anmol,47268229,0,16:29.5,0
20141101,388,& PICTURES,63645940,0,16:29.5,0
20141101,391,LAMHE EUROPE,0,0,16:29.5,0
20141101,395,ZEE 24GHANTE M.P. ASIA,5584439,0,16:29.5,0
20141101,396,Zee Marudhara,1271427,0,16:29.5,0
20141101,400,Zee Bangla Cinema ,13507780,0,16:29.5,0
20141101,401,Zee Talkies,33071904,0,16:29.5,0
20141101,402,ZEE GUJARATHI EUROPE,0,0,16:29.5,0
20141101,403,ZEE GUJARATHI AMERICAS,0,0,16:29.5,0
20141101,405,TEN CRICKET AMERICAS,0,0,16:29.5,0
20141101,854,ZEE KALINGA,1076718,0,16:29.5,0
20141101,855,Maurya,726108,0,16:29.5,0
20141101,892,ZINDAGI,22164742,0,16:29.5,0
20141201,5,24 Ghanta ,36043838,0,42:29.3,0
20141201,10,9X,7895290,0,42:29.3,0
20141201,260,Ten Action ,4164232,0,42:29.3,0
20141201,262,Ten Cricket ,3692590,0,42:29.3,0
20141201,263,Ten Sports India ,31715743,0,42:29.3,0
20141201,295,24 Taas ,29336463,0,42:29.3,0
20141201,296,Action Cinema ,14032333,0,42:29.3,0
20141201,297,Zee Bangla ,236122395,0,42:29.3,0
20141201,298,Zee Business ,26000363,0,42:29.3,0
20141201,299,Zee Cafe ,40354246,0,42:29.3,0
20141201,300,ZEE CINEMA,194797449,0,42:29.3,0
20141201,301,Classic Cinema,26623021,0,42:29.3,0
20141201,302,Etc ,16799143,0,42:29.3,0
20141201,303,Etc Punjabi ,0,0,42:29.3,0
20141201,304,Zee Kannada ,60606428,0,42:29.3,0
20141201,305,Zee Marathi ,234675495,0,42:29.3,0
20141201,306,Zee News ,130466008,0,42:29.3,0
20141201,307,Zee Sangam,7468802,0,42:29.3,0
20141201,308,Premiere Cinema,10398079,0,42:29.3,0
20141201,309,Zee Punjabi ,2258936,0,42:29.3,0
20141201,310,Zee Salaam ,3052272,0,42:29.3,0
20141201,311,Zee Smile ,11811405,0,42:29.3,0
20141201,312,Zee Studio ,14911616,0,42:29.3,0
20141201,314,Zee Tamizh ,51950582,0,42:29.3,0
20141201,315,Zee Telugu ,116496205,0,42:29.3,0
20141201,316,Zee Tv,913250808,0,42:29.3,0
20141201,317,Zing ,14580386,0,42:29.3,0
20141201,319,Jagran ,6134868,0,42:29.3,0
20141201,320,Zee Trendz ,0,0,42:29.3,0
20141201,321,Zee Khana Khazana ,8404092,0,42:29.3,0
20141201,322,ZEE MARATHI AMERICAS,0,0,42:29.3,0
20141201,323,ZEE PUNJABI AMERICAS,0,0,42:29.3,0
20141201,324,ZEE PUNJABI EUROPE,0,0,42:29.3,0
20141201,325,ZEE SMILE AMERICAS,0,0,42:29.3,0
20141201,326,ZING AMERICAS,0,0,42:29.3,0
20141201,327,ZING EUROPE,0,0,42:29.3,0
20141201,329,VERIA AMERICAS,0,0,42:29.3,0
20141201,330,ZEE TV AFRICAS,0,0,42:29.3,0
20141201,331,ZEE TV AMERICAS,0,0,42:29.3,0
20141201,332,ZEE TV EUROPE,0,0,42:29.3,0
20141201,333,ZEE CINEMA EUROPE,0,0,42:29.3,0
20141201,334,ZEE CINEMA AMERICAS,0,0,42:29.3,0
20141201,335,ZEE CAFE EUROPE,0,0,42:29.3,0
20141201,336,ZEE BUSINESS AMERICAS,0,0,42:29.3,0
20141201,337,ZEE KANNADA AMERICAS,0,0,42:29.3,0
20141201,339,M. E. Zee Cinema ,0,0,42:29.3,0
20141201,340,Ten Hd ,3664346,0,42:29.3,0
20141201,341,Zee Aflam ,0,0,42:29.3,0
20141201,342,Zee Astro ,0,0,42:29.3,0
20141201,343,Zee Russia ,0,0,42:29.3,0
20141201,344,Zee Tv Menap,0,0,42:29.3,0
20141201,345,Zeetv Apac ,0,0,42:29.3,0
20141201,346,Ten Golf,0,0,42:29.3,0
20141201,347,Zee Cinema Hd,5745810,0,42:29.3,0
20141201,348,Zee Studio Hd ,4507209,0,42:29.3,0
20141201,349,Zee Tv Hd ,22825161,0,42:29.3,0
20141201,377,Zee Cafe HD,0,0,42:29.3,0
20141201,378,Zee Q,243324,0,42:29.3,0
20141201,382,Zee Telugu America,0,0,42:29.3,0
20141201,384,Zee Alwan,0,0,42:29.3,0
20141201,386,Zee TV Canada,0,0,42:29.3,0
20141201,387,Zee Anmol,50260593,0,42:29.3,0
20141201,388,& PICTURES,64863277,0,42:29.3,0
20141201,391,LAMHE EUROPE,0,0,42:29.3,0
20141201,395,ZEE 24GHANTE M.P. ASIA,3142376,0,42:29.3,0
20141201,396,Zee Marudhara,2823893,0,42:29.3,0
20141201,400,Zee Bangla Cinema ,13075318,0,42:29.3,0
20141201,401,Zee Talkies,36255240,0,42:29.3,0
20141201,402,ZEE GUJARATHI EUROPE,0,0,42:29.3,0
20141201,403,ZEE GUJARATHI AMERICAS,0,0,42:29.3,0
20141201,405,TEN CRICKET AMERICAS,0,0,42:29.3,0
20141201,854,ZEE KALINGA,1414638,0,42:29.3,0
20141201,855,Maurya,984936,0,42:29.3,0
20141201,892,ZINDAGI,22542322,0,42:29.3,0
20150101,5,24 Ghanta ,0,0,36:52.5,0
20150101,10,9X,8140029,0,36:52.5,0
20150101,260,Ten Action ,3375842,0,36:52.5,0
20150101,262,Ten Cricket ,6689967,0,36:52.5,0
20150101,263,Ten Sports India ,27697328,0,36:52.5,0
20150101,295,24 Taas ,75092691,0,36:52.5,0
20150101,296,Action Cinema ,13487339,0,36:52.5,0
20150101,297,Zee Bangla ,251732235,0,36:52.5,0
20150101,298,Zee Business ,13086487,0,36:52.5,0
20150101,299,Zee Cafe ,52723454,0,36:52.5,0
20150101,300,ZEE CINEMA,302564712,0,36:52.5,0
20150101,301,Classic Cinema,27273685,0,36:52.5,0
20150101,302,Etc ,16589778,0,36:52.5,0
20150101,303,Etc Punjabi ,0,0,36:52.5,0
20150101,304,Zee Kannada ,77820999,0,36:52.5,0
20150101,305,Zee Marathi ,300827220,0,36:52.5,0
20150101,306,Zee News ,177571091,0,36:52.5,0
20150101,307,Zee Sangam,9610227,0,36:52.5,0
20150101,308,Premiere Cinema,10250696,0,36:52.5,0
20150101,309,Zee Punjabi ,3032880,0,36:52.5,0
20150101,310,Zee Salaam ,4553779,0,36:52.5,0
20150101,311,Zee Smile ,12395188,0,36:52.5,0
20150101,312,Zee Studio ,28951007,0,36:52.5,0
20150101,314,Zee Tamizh ,74169610,0,36:52.5,0
20150101,315,Zee Telugu ,159972165,0,36:52.5,0
20150101,316,Zee Tv,1103375214,0,36:52.5,0
20150101,317,Zing ,20594713,0,36:52.5,0
20150101,319,Jagran ,6169654,0,36:52.5,0
20150101,320,Zee Trendz ,0,0,36:52.5,0
20150101,321,Zee Khana Khazana ,10851439,0,36:52.5,0
20150101,322,ZEE MARATHI AMERICAS,0,0,36:52.5,0
20150101,323,ZEE PUNJABI AMERICAS,0,0,36:52.5,0
20150101,324,ZEE PUNJABI EUROPE,0,0,36:52.5,0
20150101,325,ZEE SMILE AMERICAS,0,0,36:52.5,0
20150101,326,ZING AMERICAS,0,0,36:52.5,0
20150101,327,ZING EUROPE,0,0,36:52.5,0
20150101,329,VERIA AMERICAS,0,0,36:52.5,0
20150101,330,ZEE TV AFRICAS,0,0,36:52.5,0
20150101,331,ZEE TV AMERICAS,0,0,36:52.5,0
20150101,332,ZEE TV EUROPE,0,0,36:52.5,0
20150101,333,ZEE CINEMA EUROPE,0,0,36:52.5,0
20150101,334,ZEE CINEMA AMERICAS,0,0,36:52.5,0
20150101,335,ZEE CAFE EUROPE,0,0,36:52.5,0
20150101,336,ZEE BUSINESS AMERICAS,0,0,36:52.5,0
20150101,337,ZEE KANNADA AMERICAS,0,0,36:52.5,0
20150101,339,M. E. Zee Cinema ,0,0,36:52.5,0
20150101,340,Ten Hd ,1782959,0,36:52.5,0
20150101,341,Zee Aflam ,0,0,36:52.5,0
20150101,342,Zee Astro ,0,0,36:52.5,0
20150101,343,Zee Russia ,0,0,36:52.5,0
20150101,344,Zee Tv Menap,0,0,36:52.5,0
20150101,345,Zeetv Apac ,0,0,36:52.5,0
20150101,346,Ten Golf,1685400,0,36:52.5,0
20150101,347,Zee Cinema Hd,8040525,0,36:52.5,0
20150101,348,Zee Studio Hd ,8049664,0,36:52.5,0
20150101,349,Zee Tv Hd ,44120845,0,36:52.5,0
20150101,377,Zee Cafe HD,0,0,36:52.5,0
20150101,378,Zee Q,280674,0,36:52.5,0
20150101,382,Zee Telugu America,0,0,36:52.5,0
20150101,384,Zee Alwan,0,0,36:52.5,0
20150101,386,Zee TV Canada,0,0,36:52.5,0
20150101,387,Zee Anmol,55358646,0,36:52.5,0
20150101,388,& PICTURES,81926721,0,36:52.5,0
20150101,391,LAMHE EUROPE,0,0,36:52.5,0
20150101,395,ZEE 24GHANTE M.P. ASIA,4023577,0,36:52.5,0
20150101,396,Zee Marudhara,3038766,0,36:52.5,0
20150101,400,Zee Bangla Cinema ,13358729,0,36:52.5,0
20150101,401,Zee Talkies,55889284,0,36:52.5,0
20150101,402,ZEE GUJARATHI EUROPE,0,0,36:52.5,0
20150101,403,ZEE GUJARATHI AMERICAS,0,0,36:52.5,0
20150101,405,TEN CRICKET AMERICAS,0,0,36:52.5,0
20150101,854,ZEE KALINGA,1476595,0,36:52.5,0
20150101,855,Maurya,3003775,0,36:52.5,0
20150101,892,ZINDAGI,50884621,0,36:52.5,0
