RCLNT,RYEAR,DOCNR,RLDNR,RBUKRS,DOCLN,ACTIV,RMVCT,RTCUR,RUNIT,AWTYP,RRCTY,RVERS,LOGSYS,RACCT,COST_ELEM,RCNTR,PRCTR,RFAREA,RBUSA,KOKRS,SEGMENT,ZZZONE,SCNTR,PPRCTR,SFAREA,SBUSA,RASSC,PSEGMENT,TSL,HSL,KSL,OSL,MSL,WSL,DRCRK,POPER,RWCUR,GJAHR,BUDAT,BELNR,BUZEI,BSCHL,BSTAT,LINETYPE,XSPLITMOD,USNAM,KUNNR
300,2014,200000931,0L,2000,1,RFBU,,GBP,,BKPF,0,1,,225906,,,20001M01,,1000,1000,,,,,,,1000,,-15000,-24202.5,-1498500,0,0,-24202.5,H,9,USD,2014,00:00.0,200000931,1,17,,2000,X,10100858,1301545
300,2014,200000931,0L,2000,2,RFBU,,USD,,BKPF,0,1,,225906,,,20001M01,,1000,1000,,,,,,,1000,,195202.5,195202.5,12463679.63,0,0,195202.5,S,9,USD,2014,00:00.0,200000931,2,7,,2000,X,10100858,1301545
300,2014,200000931,0L,2000,3,RFBU,,USD,,BKPF,0,1,,225906,,,20017M01,,1000,1000,,,,,,,1000,,-171000,-171000,-10336950,0,0,-171000,H,9,USD,2014,00:00.0,200000931,2,17,,2000,X,10100858,1301545
300,2014,200000932,0L,2000,3,RFBU,,USD,,BKPF,0,1,,225004,,,20011M01,,1000,1000,,,,,,,,,-242247.88,-242247.88,-14728671.1,0,0,-242247.88,H,9,USD,2014,00:00.0,200000932,3,17,,2000,X,20100028,1700089
300,2014,200000932,0L,2000,4,RFBU,,USD,,BKPF,0,1,,225004,,,20011M02,,1000,1000,,,,,,,,,-48017.57,-48017.57,-2965084.95,0,0,-48017.57,H,9,USD,2014,00:00.0,200000932,3,17,,2000,X,20100028,1700089
300,2014,200000933,0L,2000,1,RFBU,,USD,,BKPF,0,1,,225004,,,20002M01,,1000,1000,,,,,,,,,-1969.25,-1969.25,-125736.61,0,0,-1969.25,H,9,USD,2014,00:00.0,200000933,1,17,,2000,X,20100028,1700092
300,2014,200000933,0L,2000,3,RFBU,,USD,,BKPF,0,1,,225004,,,20002M01,,1000,1000,,,,,,,,,-12190.75,-12190.75,-738478.14,0,0,-12190.75,H,9,USD,2014,00:00.0,200000933,3,17,,2000,X,20100028,1700092
300,2014,200000933,0L,2000,4,RFBU,,USD,,BKPF,0,1,,225004,,,20002M01,,1000,1000,,,,,,,,,2997,2997,185064.75,0,0,2997,S,9,USD,2014,00:00.0,200000933,4,7,,2000,X,20100028,1700092
300,2014,200000934,0L,2000,1,RFBU,,USD,,BKPF,0,1,,225004,,,20002M01,,1000,1000,,,,,,,,,-1511.54,-1511.54,-96511.83,0,0,-1511.54,H,9,USD,2014,00:00.0,200000934,1,17,,2000,X,20100028,1700093
300,2014,200000934,0L,2000,2,RFBU,,USD,,BKPF,0,1,,225004,,,20002M01,,1000,1000,,,,,,,,,1511.54,1511.54,91453.69,0,0,1511.54,S,9,USD,2014,00:00.0,200000934,2,7,,2000,X,20100028,1700093
300,2014,200000935,0L,2000,1,RFBU,,USD,,BKPF,0,1,,225002,,,20002M02,,1000,1000,,,,,,,,,-5919.79,-5919.79,-377978.59,0,0,-5919.79,H,9,USD,2014,00:00.0,200000935,1,17,,2000,X,20100028,1700506
300,2014,200000935,0L,2000,3,RFBU,,USD,,BKPF,0,1,,225002,,,20002M02,,1000,1000,,,,,,,,,-24212.29,-24212.29,-1472244.72,0,0,-24212.29,H,9,USD,2014,00:00.0,200000935,3,17,,2000,X,20100028,1700506
300,2014,200000936,0L,2000,3,RFBU,,USD,,BKPF,0,1,,225004,,,20002M01,,1000,1000,,,,,,,,,-16000,-16000,-980000,0,0,-16000,H,10,USD,2014,00:00.0,200000936,3,17,,2000,X,20100028,1700121
300,2014,200000936,0L,2000,4,RFBU,,USD,,BKPF,0,1,,225004,,,20002M02,,1000,1000,,,,,,,,,-14400,-14400,-905760,0,0,-14400,H,10,USD,2014,00:00.0,200000936,3,17,,2000,X,20100028,1700121
300,2014,200000936,0L,2000,5,RFBU,,USD,,BKPF,0,1,,225004,,,20002M02,,1000,1000,,,,,,,,,7175,7175,443056.25,0,0,7175,S,10,USD,2014,00:00.0,200000936,4,7,,2000,X,20100028,1700121
300,2014,200000937,0L,2000,3,RFBU,,USD,,BKPF,0,1,,225004,,,20002M02,,1000,1000,,,,,,,,,-4200,-4200,-271368,0,0,-4200,H,9,USD,2014,00:00.0,200000937,3,17,,2000,X,20100028,1301816
300,2014,200000938,0L,2000,2,RFBU,,USD,,BKPF,0,1,,225010,,,20004M01,,1000,1000,,,,,,,,,140,140,8939,0,0,140,S,9,USD,2014,00:00.0,200000938,2,7,,2000,X,20000003,1302151
300,2014,200000938,0L,2000,3,RFBU,,USD,,BKPF,0,1,,225010,,,20004M16,,1000,1000,,,,,,,,,-37500,-37500,-2365312.5,0,0,-37500,H,9,USD,2014,00:00.0,200000938,2,17,,2000,X,20000003,1302151
300,2014,200000939,0L,2000,1,RFBU,,USD,,BKPF,0,1,,225004,,,20002M01,,1000,1000,,,,,,,,,-2345.87,-2345.87,-149783.8,0,0,-2345.87,H,9,USD,2014,00:00.0,200000939,1,17,,2000,X,20100028,1700685
300,2014,200000939,0L,2000,3,RFBU,,USD,,BKPF,0,1,,225004,,,20002M01,,1000,1000,,,,,,,,,-3090.36,-3090.36,-180139.83,0,0,-3090.36,H,9,USD,2014,00:00.0,200000939,3,17,,2000,X,20100028,1700685
300,2014,200000940,0L,2000,3,RFBU,,USD,,BKPF,0,1,,225002,,,20002M01,,1000,1000,,,,,,,,,-3900,-3900,-235755,0,0,-3900,H,9,USD,2014,00:00.0,200000940,3,17,,2000,X,20100028,1700403
300,2014,200000940,0L,2000,4,RFBU,,USD,,BKPF,0,1,,225002,,,20002M02,,1000,1000,,,,,,,,,-1062.47,-1062.47,-64226.31,0,0,-1062.47,H,9,USD,2014,00:00.0,200000940,3,17,,2000,X,20100028,1700403
300,2014,200000941,0L,2000,2,RFBU,,USD,,BKPF,0,1,,225010,,,20004M01,,1000,1000,,,,,,,,,0,0,21033,0,0,0,S,9,USD,2014,00:00.0,200000941,2,7,,2000,X,20000003,1301521
300,2014,200000941,0L,2000,3,RFBU,,USD,,BKPF,0,1,,225010,,,20004M16,,1000,1000,,,,,,,,,-11250,-11250,-718312.5,0,0,-11250,H,9,USD,2014,00:00.0,200000941,2,17,,2000,X,20000003,1301521
300,2014,200000942,0L,2000,2,RFBU,,USD,,BKPF,0,1,,225010,,,20004M16,,1000,1000,,,,,,,,,-13500,-13500,-837450,0,0,-13500,H,9,USD,2014,00:00.0,200000942,2,17,,2000,X,20000003,1301535
300,2014,200000943,0L,2000,1,RFBU,,USD,,BKPF,0,1,,225002,,,20002M01,,1000,1000,,,,,,,,,-41569.5,-41569.5,-2654212.58,0,0,-41569.5,H,9,USD,2014,00:00.0,200000943,1,17,,2000,X,20100028,1301900
300,2014,200000943,0L,2000,2,RFBU,,USD,,BKPF,0,1,,225002,,,20002M01,,1000,1000,,,,,,,,,41569.5,41569.5,2566916.63,0,0,41569.5,S,9,USD,2014,00:00.0,200000943,2,7,,2000,X,20100028,1301900
300,2014,200000944,0L,2000,3,RFBU,,USD,,BKPF,0,1,,225002,,,20002M01,,1000,1000,,,,,,,,,-818,-818,-51503.5,0,0,-818,H,9,USD,2014,00:00.0,200000944,3,17,,2000,X,20100028,1700525
300,2014,200000945,0L,2000,1,RFBU,,USD,,BKPF,0,1,,225023,,,20002M05,,1000,1000,,,,,,,,,-2092,-2092,-133574.2,0,0,-2092,H,9,USD,2014,00:00.0,200000945,1,17,,2000,X,20100028,1700394
300,2014,200000945,0L,2000,3,RFBU,,USD,,BKPF,0,1,,225023,,,20002M05,,1000,1000,,,,,,,,,-357,-357,-26440.65,0,0,-357,H,9,USD,2014,00:00.0,200000945,3,17,,2000,X,20100028,1700394
300,2014,200000946,0L,2000,1,RFBU,,USD,,BKPF,0,1,,225003,,,20002M01,,1000,1000,,,,,,,,,-7853.38,-7853.38,-501438.31,0,0,-7853.38,H,9,USD,2014,00:00.0,200000946,1,17,,2000,X,20100028,1700096
300,2014,200000946,0L,2000,3,RFBU,,USD,,BKPF,0,1,,225003,,,20002M01,,1000,1000,,,,,,,,,-44001.47,-44001.47,-2720291.84,0,0,-44001.47,H,9,USD,2014,00:00.0,200000946,3,17,,2000,X,20100028,1700096
300,2014,200000946,0L,2000,4,RFBU,,USD,,BKPF,0,1,,225003,,,20002M01,,1000,1000,,,,,,,,,30574.06,30574.06,1887948.21,0,0,30574.06,S,9,USD,2014,00:00.0,200000946,4,7,,2000,X,20100028,1700096
300,2014,200000947,0L,2000,1,RFBU,,USD,,BKPF,0,1,,225003,,,20002M01,,1000,1000,,,,,,,,,-4563,-4563,-291347.55,0,0,-4563,H,9,USD,2014,00:00.0,200000947,1,17,,2000,X,20100028,1700097
300,2014,200000947,0L,2000,3,RFBU,,USD,,BKPF,0,1,,225003,,,20002M01,,1000,1000,,,,,,,,,-9000,-9000,-588150,0,0,-9000,H,9,USD,2014,00:00.0,200000947,3,17,,2000,X,20100028,1700097
300,2014,200000947,0L,2000,4,RFBU,,USD,,BKPF,0,1,,225003,,,20002M01,,1000,1000,,,,,,,,,4684,4684,289237,0,0,4684,S,9,USD,2014,00:00.0,200000947,4,7,,2000,X,20100028,1700097
300,2014,200000948,0L,2000,3,RFBU,,USD,,BKPF,0,1,,225023,,,20002M01,,1000,1000,,,,,,,,,-585,-585,-36554.54,0,0,-585,H,9,USD,2014,00:00.0,200000948,3,17,,2000,X,20100028,1700743
300,2014,200000949,0L,2000,1,RFBU,,USD,,BKPF,0,1,,225004,,,20002M01,,1000,1000,,,,,,,,,-16363.55,-16363.55,-1044812.67,0,0,-16363.55,H,9,USD,2014,00:00.0,200000949,1,17,,2000,X,20100028,1700123
300,2014,200000949,0L,2000,4,RFBU,,USD,,BKPF,0,1,,225004,,,20002M01,,1000,1000,,,,,,,,,-90000,-90000,-5537250,0,0,-90000,H,9,USD,2014,00:00.0,200000949,4,17,,2000,X,20100028,1700123
300,2014,200000949,0L,2000,5,RFBU,,USD,,BKPF,0,1,,225004,,,20002M01,,1000,1000,,,,,,,,,22484,22484,1388387,0,0,22484,S,9,USD,2014,00:00.0,200000949,5,7,,2000,X,20100028,1700123
300,2014,200000951,0L,2000,3,RFBU,,USD,,BKPF,0,1,,225002,,,20002M01,,1000,1000,,,,,,,,,-139563,-139563,-8911097.55,0,0,-139563,H,9,USD,2014,00:00.0,200000951,3,17,,2000,X,20100028,1700349
300,2014,200000952,0L,2000,1,RFBU,,USD,,BKPF,0,1,,225004,,,20002M01,,1000,1000,,,,,,,,,-4940,-4940,-315419,0,0,-4940,H,9,USD,2014,00:00.0,200000952,1,17,,2000,X,20100028,1700102
300,2014,200000952,0L,2000,3,RFBU,,USD,,BKPF,0,1,,225004,,,20002M02,,1000,1000,,,,,,,,,5020,5020,309985,0,0,5020,S,9,USD,2014,00:00.0,200000952,3,7,,2000,X,20100028,1700102
300,2014,200000952,0L,2000,4,RFBU,,USD,,BKPF,0,1,,225004,,,20002M02,,1000,1000,,,,,,,,,-20400,-20400,-1233180,0,0,-20400,H,9,USD,2014,00:00.0,200000952,4,17,,2000,X,20100028,1700102
300,2014,200000953,0L,2000,1,RFBU,,USD,,BKPF,0,1,,225004,,,20002M01,,1000,1000,,,,,,,,,-9379.37,-9379.37,-598872.77,0,0,-9379.37,H,9,USD,2014,00:00.0,200000953,1,17,,2000,X,20100028,1700101
300,2014,200000953,0L,2000,3,RFBU,,USD,,BKPF,0,1,,225004,,,20002M05,,1000,1000,,,,,,,,,2212.96,2212.96,136650.28,0,0,2212.96,S,9,USD,2014,00:00.0,200000953,3,7,,2000,X,20100028,1700101
300,2014,200000953,0L,2000,4,RFBU,,USD,,BKPF,0,1,,225004,,,20002M05,,1000,1000,,,,,,,,,-2912.5,-2912.5,-183196.25,0,0,-2912.5,H,9,USD,2014,00:00.0,200000953,4,17,,2000,X,20100028,1700101
300,2014,200000954,0L,2000,1,RFBU,,USD,,BKPF,0,1,,225004,,,20002M01,,1000,1000,,,,,,,,,-8362.24,-8362.24,-533929.02,0,0,-8362.24,H,9,USD,2014,00:00.0,200000954,1,17,,2000,X,20100028,1700463
300,2014,200000954,0L,2000,3,RFBU,,USD,,BKPF,0,1,,225004,,,20002M02,,1000,1000,,,,,,,,,-19882.05,-19882.05,-1194911.21,0,0,-19882.05,H,9,USD,2014,00:00.0,200000954,3,17,,2000,X,20100028,1700463
300,2014,200000954,0L,2000,4,RFBU,,USD,,BKPF,0,1,,225004,,,20002M05,,1000,1000,,,,,,,,,-1552.4,-1552.4,-99277.46,0,0,-1552.4,H,9,USD,2014,00:00.0,200000954,3,17,,2000,X,20100028,1700463
300,2014,200000955,0L,2000,3,RFBU,,USD,,BKPF,0,1,,225002,,,20002M06,,1000,1000,,,,,,,,,-17992.5,-17992.5,-1066486.87,0,0,-17992.5,H,9,USD,2014,00:00.0,200000955,3,17,,2000,X,20100028,1700731
300,2014,200000956,0L,2000,1,RFBU,,USD,,BKPF,0,1,,225004,,,20002M06,,1000,1000,,,,,,,,,-4880.52,-4880.52,-311621.2,0,0,-4880.52,H,9,USD,2014,00:00.0,200000956,1,17,,2000,X,20100028,1301566
300,2014,200000956,0L,2000,3,RFBU,,USD,,BKPF,0,1,,225004,,,20002M05,,1000,1000,,,,,,,,,-7191.88,-7191.88,-463228.51,0,0,-7191.88,H,9,USD,2014,00:00.0,200000956,3,17,,2000,X,20100028,1301566
300,2014,200000956,0L,2000,4,RFBU,,USD,,BKPF,0,1,,225004,,,20002M06,,1000,1000,,,,,,,,,-3341.2,-3341.2,-195637,0,0,-3341.2,H,9,USD,2014,00:00.0,200000956,3,17,,2000,X,20100028,1301566
300,2014,200000957,0L,2000,2,RFBU,,USD,,BKPF,0,1,,225003,,,20002M01,,1000,1000,,,,,,,,,-2491,-2491,-154355.05,0,0,-2491,H,9,USD,2014,00:00.0,200000957,2,17,,2000,X,20100028,1302187
300,2014,200000958,0L,2000,1,RFBU,,USD,,BKPF,0,1,,225004,,,20002M01,,1000,1000,,,,,,,,,-1844.13,-1844.13,-117747.7,0,0,-1844.13,H,9,USD,2014,00:00.0,200000958,1,17,,2000,X,20100028,1700103
300,2014,200000958,0L,2000,3,RFBU,,USD,,BKPF,0,1,,225004,,,20002M05,,1000,1000,,,,,,,,,1146.86,1146.86,70818.61,0,0,1146.86,S,9,USD,2014,00:00.0,200000958,3,7,,2000,X,20100028,1700103
300,2014,200000958,0L,2000,4,RFBU,,USD,,BKPF,0,1,,225004,,,20002M05,,1000,1000,,,,,,,,,-3614.73,-3614.73,-218510.43,0,0,-3614.73,H,9,USD,2014,00:00.0,200000958,4,17,,2000,X,20100028,1700103
300,2014,200000959,0L,2000,3,RFBU,,USD,,BKPF,0,1,,225004,,,20002M01,,1000,1000,,,,,,,,,-15000,-15000,-923250,0,0,-15000,H,9,USD,2014,00:00.0,200000959,3,17,,2000,X,20100028,1700515
300,2014,200000960,0L,2000,3,RFBU,,USD,,BKPF,0,1,,225003,,,20002M01,,1000,1000,,,,,,,,,-93408.74,-93408.74,-5776278.81,0,0,-93408.74,H,9,USD,2014,00:00.0,200000960,3,17,,2000,X,20100028,1700104
300,2014,200000960,0L,2000,4,RFBU,,USD,,BKPF,0,1,,225003,,,20002M01,,1000,1000,,,,,,,,,-34184,-34184,-1562208.8,0,0,-34184,H,9,USD,2014,00:00.0,200000960,4,17,,2000,X,20100028,1700104
300,2014,200000960,0L,2000,5,RFBU,,USD,,BKPF,0,1,,225003,,,20002M01,,1000,1000,,,,,,,,,33914.48,33914.48,1578719.04,0,0,33914.48,S,9,USD,2014,00:00.0,200000960,5,7,,2000,X,20100028,1700104
300,2014,200000961,0L,2000,1,RFBU,,USD,,BKPF,0,1,,225003,,,20002M01,,1000,1000,,,,,,,,,-63281.21,-63281.21,-4040505.53,0,0,-63281.21,H,9,USD,2014,00:00.0,200000961,1,17,,2000,X,20100028,1700105
300,2014,200000961,0L,2000,2,RFBU,,USD,,BKPF,0,1,,225003,,,20002M05,,1000,1000,,,,,,,,,6328.12,6328.12,404050.73,0,0,6328.12,S,9,USD,2014,00:00.0,200000961,1,7,,2000,X,20100028,1700105
300,2014,200000961,0L,2000,4,RFBU,,USD,,BKPF,0,1,,225003,,,20002M01,,1000,1000,,,,,,,,,66336.52,66336.52,4096279.98,0,0,66336.52,S,9,USD,2014,00:00.0,200000961,3,7,,2000,X,20100028,1700105
300,2014,200000961,0L,2000,5,RFBU,,USD,,BKPF,0,1,,225003,,,20002M05,,1000,1000,,,,,,,,,-6633.65,-6633.65,-409627.76,0,0,-6633.65,H,9,USD,2014,00:00.0,200000961,3,17,,2000,X,20100028,1700105
300,2014,200000961,0L,2000,6,RFBU,,USD,,BKPF,0,1,,225003,,,20002M01,,1000,1000,,,,,,,,,-204494.73,-204494.73,-12561544.98,0,0,-204494.73,H,9,USD,2014,00:00.0,200000961,4,17,,2000,X,20100028,1700105
300,2014,200000961,0L,2000,7,RFBU,,USD,,BKPF,0,1,,225003,,,20002M05,,1000,1000,,,,,,,,,20449.46,20449.46,1260410.7,0,0,20449.46,S,9,USD,2014,00:00.0,200000961,4,7,,2000,X,20100028,1700105
300,2014,200000962,0L,2000,1,RFBU,,USD,,BKPF,0,1,,225004,,,20002M01,,1000,1000,,,,,,,,,-11989.05,-11989.05,-765500.9,0,0,-11989.05,H,9,USD,2014,00:00.0,200000962,1,17,,2000,X,20100028,1700381
300,2014,200000962,0L,2000,2,RFBU,,USD,,BKPF,0,1,,225004,,,20002M05,,1000,1000,,,,,,,,,1798.36,1798.36,114825.34,0,0,1798.36,S,9,USD,2014,00:00.0,200000962,1,7,,2000,X,20100028,1700381
300,2014,200000962,0L,2000,4,RFBU,,USD,,BKPF,0,1,,225004,,,20002M01,,1000,1000,,,,,,,,,21944.16,21944.16,1355051.64,0,0,21944.16,S,9,USD,2014,00:00.0,200000962,3,7,,2000,X,20100028,1700381
300,2014,200000962,0L,2000,5,RFBU,,USD,,BKPF,0,1,,225004,,,20002M05,,1000,1000,,,,,,,,,-3291.62,-3291.62,-203257.29,0,0,-3291.62,H,9,USD,2014,00:00.0,200000962,3,17,,2000,X,20100028,1700381
300,2014,200000962,0L,2000,6,RFBU,,USD,,BKPF,0,1,,225004,,,20002M01,,1000,1000,,,,,,,,,-101985.41,-101985.41,-6278926.13,0,0,-101985.41,H,9,USD,2014,00:00.0,200000962,4,17,,2000,X,20100028,1700381
300,2014,200000962,0L,2000,7,RFBU,,USD,,BKPF,0,1,,225004,,,20002M05,,1000,1000,,,,,,,,,15298.52,15298.52,941882.79,0,0,15298.52,S,9,USD,2014,00:00.0,200000962,4,7,,2000,X,20100028,1700381
300,2014,200000963,0L,2000,1,RFBU,,USD,,BKPF,0,1,,225004,,,20002M02,,1000,1000,,,,,,,,,-9436.12,-9436.12,-602496.18,0,0,-9436.12,H,9,USD,2014,00:00.0,200000963,1,17,,2000,X,20100028,1700399
300,2014,200000963,0L,2000,2,RFBU,,USD,,BKPF,0,1,,225004,,,20002M05,,1000,1000,,,,,,,,,1415.42,1415.42,90374.48,0,0,1415.42,S,9,USD,2014,00:00.0,200000963,1,7,,2000,X,20100028,1700399
300,2014,200000963,0L,2000,4,RFBU,,USD,,BKPF,0,1,,225004,,,20002M02,,1000,1000,,,,,,,,,-38636.06,-38636.06,-2390752.95,0,0,-38636.06,H,9,USD,2014,00:00.0,200000963,3,17,,2000,X,20100028,1700399
300,2014,200000963,0L,2000,5,RFBU,,USD,,BKPF,0,1,,225004,,,20002M05,,1000,1000,,,,,,,,,5795,5795,358587.91,0,0,5795,S,9,USD,2014,00:00.0,200000963,3,7,,2000,X,20100028,1700399
300,2014,200000964,0L,2000,2,RFBU,,USD,,BKPF,0,1,,225010,,,20005M03,,1000,1000,,,,,,,,,-10000,-10000,-625000,0,0,-10000,H,9,USD,2014,00:00.0,200000964,2,17,,2000,X,20000003,1302132
300,2014,200000965,0L,2000,2,RFBU,,USD,,BKPF,0,1,,225010,,,20005M03,,1000,1000,,,,,,,,,-33962,-33962,-2102173.7,0,0,-33962,H,9,USD,2014,00:00.0,200000965,2,17,,2000,X,20000003,1302035
300,2014,200000966,0L,2000,2,RFBU,,USD,,BKPF,0,1,,225010,,,20005M03,,1000,1000,,,,,,,,,-27070.68,-27070.68,-1691917.5,0,0,-27070.68,H,9,USD,2014,00:00.0,200000966,2,17,,2000,X,20000003,1301950
300,2014,200000967,0L,2000,2,RFBU,,USD,,BKPF,0,1,,225010,,,20005M03,,1000,1000,,,,,,,,,-40100,-40100,-2498230,0,0,-40100,H,9,USD,2014,00:00.0,200000967,2,17,,2000,X,20000003,1302213
300,2014,200000968,0L,2000,2,RFBU,,USD,,BKPF,0,1,,225010,,,20005M03,,1000,1000,,,,,,,,,-76372.44,-76372.44,-4876380.3,0,0,-76372.44,H,9,USD,2014,00:00.0,200000968,2,17,,2000,X,20000003,1700560
300,2014,200000969,0L,2000,2,RFBU,,USD,,BKPF,0,1,,225010,,,20009M01,,1000,1000,,,,,,,,,-10140,-10140,-626145,0,0,-10140,H,9,USD,2014,00:00.0,200000969,2,17,,2000,X,10100858,1302137
300,2014,200000970,0L,2000,1,RFBU,,USD,,BKPF,0,1,,225010,,,20009M01,,1000,1000,,,,,,,,,-20210,-20210,-1290408.5,0,0,-20210,H,9,USD,2014,00:00.0,200000970,1,17,,2000,X,10100858,1302139
300,2014,200000970,0L,2000,3,RFBU,,USD,,BKPF,0,1,,225010,,,20009M01,,1000,1000,,,,,,,,,-2340,-2340,-144495,0,0,-2340,H,9,USD,2014,00:00.0,200000970,3,17,,2000,X,10100858,1302139
300,2014,200000971,0L,2000,3,RFBU,,USD,,BKPF,0,1,,225010,,,20009M01,,1000,1000,,,,,,,,,-10925,-10925,-653363.75,0,0,-10925,H,9,USD,2014,00:00.0,200000971,3,17,,2000,X,10100858,1301513
300,2014,200000972,0L,2000,2,RFBU,,USD,,BKPF,0,1,,225010,,,20004M01,,1000,1000,,,,,,,,,-136385,-136385,-8708182.25,0,0,-136385,H,9,USD,2014,00:00.0,200000972,2,17,,2000,X,10100858,1302272
300,2014,200000973,0L,2000,3,RFBU,,USD,,BKPF,0,1,,225010,,,20005M03,,1000,1000,,,,,,,,,-75124,-75124,-4669766.8,0,0,-75124,H,9,USD,2014,00:00.0,200000973,3,17,,2000,X,10100858,1301975
300,2014,200000974,0L,2000,2,RFBU,,USD,,BKPF,0,1,,225004,,,20005M02,,1000,1000,,,,,,,,,-76000,-76000,-4577100,0,0,-76000,H,9,USD,2014,00:00.0,200000974,2,17,,2000,X,10100858,1700536
300,2014,200000975,0L,2000,1,RFBU,,USD,,BKPF,0,1,,225002,,,20005M02,,1000,1000,,,,,,,,,-100498.43,-100498.43,-6416824.76,0,0,-100498.43,H,9,USD,2014,00:00.0,200000975,1,17,,2000,X,10100858,1700346
300,2014,200000975,0L,2000,3,RFBU,,USD,,BKPF,0,1,,225002,,,20005M02,,1000,1000,,,,,,,,,-1490531.25,-1490531.25,-90879040,0,0,-1490531.25,H,9,USD,2014,00:00.0,200000975,3,17,,2000,X,10100858,1700346
300,2014,200000976,0L,2000,1,RFBU,,USD,,BKPF,0,1,,225002,,,20005M02,,1000,1000,,,,,,,,,-1528.71,-1528.71,-97608.13,0,0,-1528.71,H,9,USD,2014,00:00.0,200000976,1,17,,2000,X,10100858,1700340
300,2014,200000976,0L,2000,3,RFBU,,USD,,BKPF,0,1,,225002,,,20005M02,,1000,1000,,,,,,,,,-483606.6,-483606.6,-29729445.02,0,0,-483606.6,H,9,USD,2014,00:00.0,200000976,3,17,,2000,X,10100858,1700340
300,2014,200000976,0L,2000,4,RFBU,,USD,,BKPF,0,1,,225002,,,20005M02,,1000,1000,,,,,,,,,2112.31,2112.31,130435.14,0,0,2112.31,S,9,USD,2014,00:00.0,200000976,4,7,,2000,X,10100858,1700340
300,2014,200000977,0L,2000,2,RFBU,,USD,,BKPF,0,1,,225010,,,20001M01,,1000,1000,,,,,,,,,150,150,9577.5,0,0,150,S,9,USD,2014,00:00.0,200000977,2,7,,2000,X,20000003,1301885
300,2014,200000977,0L,2000,3,RFBU,,USD,,BKPF,0,1,,225010,,,20002M05,,1000,1000,,,,,,,,,-117200,-117200,-7289760,0,0,-117200,H,9,USD,2014,00:00.0,200000977,2,17,,2000,X,20000003,1301885
300,2014,200000978,0L,2000,2,RFBU,,USD,,BKPF,0,1,,225010,,,20001M01,,1000,1000,,,,,,,,,36,36,2298.6,0,0,36,S,9,USD,2014,00:00.0,200000978,2,7,,2000,X,20000003,1301916
300,2014,200000978,0L,2000,3,RFBU,,USD,,BKPF,0,1,,225010,,,20002M05,,1000,1000,,,,,,,,,-53700,-53700,-3345510,0,0,-53700,H,9,USD,2014,00:00.0,200000978,2,17,,2000,X,20000003,1301916
300,2014,200000979,0L,2000,3,RFBU,,USD,,BKPF,0,1,,225010,,,20002M05,,1000,1000,,,,,,,,,-20575,-20575,-1280072.5,0,0,-20575,H,9,USD,2014,00:00.0,200000979,3,17,,2000,X,20000003,1700113
300,2014,200000979,0L,2000,4,RFBU,,USD,,BKPF,0,1,,225010,,,20001M01,,1000,1000,,,,,,,,,75,75,4788.75,0,0,75,S,9,USD,2014,00:00.0,200000979,4,7,,2000,X,20000003,1700113
300,2014,200000980,0L,2000,2,RFBU,,USD,,BKPF,0,1,,225010,,,20001M01,,1000,1000,,,,,,,,,75,75,4788.75,0,0,75,S,9,USD,2014,00:00.0,200000980,2,7,,2000,X,20000003,1700562
300,2014,200000980,0L,2000,3,RFBU,,USD,,BKPF,0,1,,225010,,,20002M05,,1000,1000,,,,,,,,,-3400,-3400,-211140,0,0,-3400,H,9,USD,2014,00:00.0,200000980,2,17,,2000,X,20000003,1700562
300,2014,200000981,0L,2000,2,RFBU,,USD,,BKPF,0,1,,225010,,,20001M01,,1000,1000,,,,,,,,,25,25,1596.25,0,0,25,S,9,USD,2014,00:00.0,200000981,2,7,,2000,X,20000003,1302199
300,2014,200000981,0L,2000,3,RFBU,,USD,,BKPF,0,1,,225010,,,20002M05,,1000,1000,,,,,,,,,-42000,-42000,-2616600,0,0,-42000,H,9,USD,2014,00:00.0,200000981,2,17,,2000,X,20000003,1302199
300,2014,200000982,0L,2000,2,RFBU,,USD,,BKPF,0,1,,225010,,,20002M05,,1000,1000,,,,,,,,,-1115.6,-1115.6,-71231.06,0,0,-1115.6,H,9,USD,2014,00:00.0,200000982,2,17,,2000,X,20000003,1700094
300,2014,200000983,0L,2000,2,RFBU,,USD,,BKPF,0,1,,225006,,,20002M05,,1000,1000,,,,,,,,,-50000,-50000,-3095000,0,0,-50000,H,9,USD,2014,00:00.0,200000983,2,17,,2000,X,20000003,1700550
300,2014,200000984,0L,2000,2,RFBU,,USD,,BKPF,0,1,,225010,,,20002M05,,1000,1000,,,,,,,,,-100000,-100000,-6190000,0,0,-100000,H,9,USD,2014,00:00.0,200000984,2,17,,2000,X,20000003,1302308
300,2014,200000985,0L,2000,2,RFBU,,USD,,BKPF,0,1,,225010,,,20001M01,,1000,1000,,,,,,,,,27,27,1723.95,0,0,27,S,9,USD,2014,00:00.0,200000985,2,7,,2000,X,20000003,1302031
300,2014,200000985,0L,2000,3,RFBU,,USD,,BKPF,0,1,,225010,,,20002M05,,1000,1000,,,,,,,,,-87000,-87000,-5554950,0,0,-87000,H,9,USD,2014,00:00.0,200000985,2,17,,2000,X,20000003,1302031
300,2014,200000987,0L,2000,2,RFBU,,USD,,BKPF,0,1,,225010,,,20001M01,,1000,1000,,,,,,,,,60,60,3831,0,0,60,S,9,USD,2014,00:00.0,200000987,2,7,,2000,X,20000003,1302179
300,2014,200000987,0L,2000,3,RFBU,,USD,,BKPF,0,1,,225010,,,20002M05,,1000,1000,,,,,,,,,-40950,-40950,-2559375,0,0,-40950,H,9,USD,2014,00:00.0,200000987,2,17,,2000,X,20000003,1302179
300,2014,200000988,0L,2000,1,RFBU,,USD,,BKPF,0,1,,225013,,,20001M01,,1000,1000,,,,,,,,,-17999.99,-17999.99,-1149299.36,0,0,-17999.99,H,9,USD,2014,00:00.0,200000988,1,17,,2000,X,10100858,1500270
300,2014,200000988,0L,2000,3,RFBU,,GBP,,BKPF,0,1,,225013,,,20003M01,,1000,1000,,,,,,,,,-22500,-36303.76,-2293312.5,0,0,-36303.76,H,9,USD,2014,00:00.0,200000988,3,17,,2000,X,10100858,1500270
300,2014,200000989,0L,2000,1,RFBU,,USD,,BKPF,0,1,,225010,,,20005M03,,1000,1000,,,,,,,,,-16018,-16018,-1022749.3,0,0,-16018,H,9,USD,2014,00:00.0,200000989,1,17,,2000,X,10100858,1700538
300,2014,200000989,0L,2000,3,RFBU,,USD,,BKPF,0,1,,225010,,,20005M03,,1000,1000,,,,,,,,,-23940,-23940,-1478295,0,0,-23940,H,9,USD,2014,00:00.0,200000989,3,17,,2000,X,10100858,1700538
300,2014,200000990,0L,2000,2,RFBU,,USD,,BKPF,0,1,,225010,,,20002M05,,1000,1000,,,,,,,,,-44550,-44550,-2750962.5,0,0,-44550,H,9,USD,2014,00:00.0,200000990,2,17,,2000,X,20000003,1302175
300,2014,200001043,0L,4100,2,RFBU,,INR,,BKPF,0,1,,225000,,,41001K01,,1000,1000,,,,,,,,,-20022,-20022,-20022,0,0,-20022,H,9,INR,2014,00:00.0,200001043,2,17,,2000,X,41100147,1414918
300,2014,200001044,0L,4100,2,RFBU,,INR,,BKPF,0,1,,225000,,,41001K01,,1000,1000,,,,,,,,,-190725,-190725,-190725,0,0,-190725,H,9,INR,2014,00:00.0,200001044,2,17,,2000,X,41100147,1414918
300,2014,200001045,0L,4100,2,RFBU,,INR,,BKPF,0,1,,225000,,,41001K01,,1000,1000,,,,,,,,,-199471,-199471,-199471,0,0,-199471,H,9,INR,2014,00:00.0,200001045,2,17,,2000,X,41100147,1414918
300,2014,200001046,0L,4100,2,RFBU,,INR,,BKPF,0,1,,225000,,,41001K01,,1000,1000,,,,,,,,,-188976,-188976,-188976,0,0,-188976,H,9,INR,2014,00:00.0,200001046,2,17,,2000,X,41100147,1414918
300,2014,200001047,0L,4100,2,RFBU,,INR,,BKPF,0,1,,225000,,,41001K01,,1000,1000,,,,,,,,,-200252,-200252,-200252,0,0,-200252,H,9,INR,2014,00:00.0,200001047,2,17,,2000,X,41100147,1414918
300,2014,200079333,0L,1000,1,RFBU,,INR,,BKPF,0,1,,225917,,,10023B01,,1000,1000,,,,,,,,,46807,46807,46807,0,0,46807,S,10,INR,2014,00:00.0,200079333,1,7,,2000,X,10100465,1301186
300,2014,200079335,0L,1000,1,RFBU,,INR,,BKPF,0,1,,225917,,,10023B01,,1000,1000,,,,,,,,,-3193,-3193,-3193,0,0,-3193,H,10,INR,2014,00:00.0,200079335,1,17,,2000,X,10100465,1301186
300,2014,200079335,0L,1000,2,RFBU,,INR,,BKPF,0,1,,225917,,,10023B01,,1000,1000,,,,,,,,,3193,3193,3193,0,0,3193,S,10,INR,2014,00:00.0,200079335,2,,,2000,X,10100465,1301186
300,2014,200079336,0L,1000,1,RFBU,,INR,,BKPF,0,1,,225917,,,10038C01,,1000,1000,,,,,,,,,-10226,-10226,-10226,0,0,-10226,H,10,INR,2014,00:00.0,200079336,1,17,,2000,X,10100238,1301186
300,2014,200079336,0L,1000,3,RFBU,,INR,,BKPF,0,1,,225917,,,10038C01,,1000,1000,,,,,,,,,-12190,-12190,-12190,0,0,-12190,H,10,INR,2014,00:00.0,200079336,3,17,,2000,X,10100238,1301186
300,2014,200079336,0L,1000,4,RFBU,,INR,,BKPF,0,1,,225917,,,10038C01,,1000,1000,,,,,,,,,-69979,-69979,-69979,0,0,-69979,H,10,INR,2014,00:00.0,200079336,4,,,2000,X,10100238,1301186
300,2014,200079336,0L,1000,5,RFBU,,INR,,BKPF,0,1,,225917,,,10038C01,,1000,1000,,,,,,,,,-7605,-7605,-7605,0,0,-7605,H,10,INR,2014,00:00.0,200079336,5,,,2000,X,10100238,1301186
300,2014,800000040,0L,2040,1,RFBU,,USD,,BKPF,0,1,,225004,,,20401D01,,1000,1000,,,,,,,,,-15000,-55050,-957750,0,0,-15000,H,9,USD,2014,00:00.0,800000040,1,11,,2000,X,20400012,1700178
300,2014,800000041,0L,5000,1,RFBU,,USD,,BKPF,0,1,,225000,,,50005U02,,1000,1000,,,,,,,,,-3437.89,-3437.89,-219509.28,0,0,-3437.89,H,9,USD,2014,00:00.0,800000041,1,11,,2000,X,50100120,1003518
300,2014,800000042,0L,5000,1,RFBU,,USD,,BKPF,0,1,,225000,,,50005U02,,1000,1000,,,,,,,,,-4382.35,-4382.35,-279813.05,0,0,-4382.35,H,9,USD,2014,00:00.0,800000042,1,11,,2000,X,50100120,1003518
300,2014,900000010,0L,2030,1,RFBU,,ZAR,,BKPF,0,1,,225000,,,20302M01,,1000,1000,,,,,,,,,46587.72,46587.72,273083.24,0,0,46587.72,S,8,ZAR,2014,00:00.0,900000010,1,1,,2000,X,20300010,1012481
300,2014,900000011,0L,2030,1,RFBU,,ZAR,,BKPF,0,1,,225000,,,20302M01,,1000,1000,,,,,,,,,3727.13,3727.13,21847.32,0,0,3727.13,S,8,ZAR,2014,00:00.0,900000011,1,1,,2000,X,20300010,1012481
300,2014,900000012,0L,2030,1,RFBU,,ZAR,,BKPF,0,1,,225000,,,20302M01,,1000,1000,,,,,,,,,46587.72,46587.72,273083.24,0,0,46587.72,S,9,ZAR,2014,00:00.0,900000012,1,1,,2000,X,20300010,1012481
300,2014,900000013,0L,2030,1,RFBU,,ZAR,,BKPF,0,1,,225000,,,20302M01,,1000,1000,,,,,,,,,46589.62,46589.62,273094.38,0,0,46589.62,S,9,ZAR,2014,00:00.0,900000013,1,1,,2000,X,20300010,1012481
300,2014,900000014,0L,2030,1,RFBU,,ZAR,,BKPF,0,1,,225000,,,20302M01,,1000,1000,,,,,,,,,11181.5,11181.5,65542.6,0,0,11181.5,S,9,ZAR,2014,00:00.0,900000014,1,1,,2000,X,20300010,1012477
300,2014,900000015,0L,2030,1,RFBU,,ZAR,,BKPF,0,1,,225000,,,20302M01,,1000,1000,,,,,,,,,3727.17,3727.17,21847.55,0,0,3727.17,S,9,ZAR,2014,00:00.0,900000015,1,1,,2000,X,20300010,1012481
300,2014,900000016,0L,2030,1,RFBU,,ZAR,,BKPF,0,1,,225000,,,20302M01,,1000,1000,,,,,,,,,3727.17,3727.17,21847.55,0,0,3727.17,S,9,ZAR,2014,00:00.0,900000016,1,1,,2000,X,20300010,1012610
300,2014,900000061,0L,4000,1,RFBU,,USD,,BKPF,0,1,,225006,,,40001N01,,1000,1000,,,,,,,2000,,36360,2239776,2321586,0,0,36360,S,9,USD,2014,00:00.0,900000061,1,1,,2000,X,40101322,1700006
300,2014,900000061,0L,4000,2,RFBU,,USD,,BKPF,0,1,,225006,,,40002N01,,1000,1000,,,,,,,2000,,6120,376992,390762,0,0,6120,S,9,USD,2014,00:00.0,900000061,1,1,,2000,X,40101322,1700006
300,2014,900000061,0L,4000,3,RFBU,,USD,,BKPF,0,1,,225006,,,40003N01,,1000,1000,,,,,,,2000,,118980,7329168,7596873,0,0,118980,S,9,USD,2014,00:00.0,900000061,1,1,,2000,X,40101322,1700006
300,2014,900000395,0L,2000,1,RFBU,,USD,,BKPF,0,1,,225004,,,20005M02,,1000,1000,,,,,,,,,7000,7000,432950,0,0,7000,S,7,USD,2014,00:00.0,900000395,1,1,,2000,X,20000003,1700537
300,2014,900000396,0L,2000,1,RFBU,,USD,,BKPF,0,1,,225004,,,20005M02,,1000,1000,,,,,,,,,14000,14000,866600,0,0,14000,S,8,USD,2014,00:00.0,900000396,1,1,,2000,X,20000003,1700537
300,2014,900000397,0L,2000,1,RFBU,,USD,,BKPF,0,1,,225004,,,20005M02,,1000,1000,,,,,,,,,7000,7000,446600,0,0,7000,S,10,USD,2014,00:00.0,900000397,1,1,,2000,X,20000003,1700537
300,2014,900000398,0L,2000,1,RFBU,,USD,,BKPF,0,1,,225002,,,20005M02,,1000,1000,,,,,,,,,45000,45000,2873250,0,0,45000,S,9,USD,2014,00:00.0,900000398,1,1,,2000,X,20000003,1700720
300,2014,900000399,0L,2000,1,RFBU,,USD,,BKPF,0,1,,225002,,,20005M02,,1000,1000,,,,,,,,,45000,45000,2871000,0,0,45000,S,10,USD,2014,00:00.0,900000399,1,1,,2000,X,20000003,1700720
300,2014,900000400,0L,2000,1,RFBU,,USD,,BKPF,0,1,,225002,,,20005M02,,1000,1000,,,,,,,,,120844.6,120844.6,7480280.74,0,0,120844.6,S,8,USD,2014,00:00.0,900000400,1,1,,2000,X,20000003,1700340
300,2014,900000401,0L,2000,1,RFBU,,USD,,BKPF,0,1,,225002,,,20005M02,,1000,1000,,,,,,,,,120746.5,120746.5,7709664.03,0,0,120746.5,S,9,USD,2014,00:00.0,900000401,1,1,,2000,X,20000003,1700340
300,2014,900000402,0L,2000,1,RFBU,,USD,,BKPF,0,1,,225002,,,20005M02,,1000,1000,,,,,,,,,47500,47500,2947375,0,0,47500,S,7,USD,2014,00:00.0,900000402,1,1,,2000,X,20000003,1700717
300,2014,900000403,0L,2000,1,RFBU,,USD,,BKPF,0,1,,225002,,,20005M02,,1000,1000,,,,,,,,,47447.58,47447.58,3029527.98,0,0,47447.58,S,9,USD,2014,00:00.0,900000403,1,1,,2000,X,20000003,1700717
300,2014,900000404,0L,2000,1,RFBU,,USD,,BKPF,0,1,,225002,,,20005M02,,1000,1000,,,,,,,,,26500,26500,1690700,0,0,26500,S,10,USD,2014,00:00.0,900000404,1,1,,2000,X,20000003,1700717
300,2014,900000405,0L,2000,1,RFBU,,USD,,BKPF,0,1,,225002,,,20005M02,,1000,1000,,,,,,,,,55000,55000,3511750,0,0,55000,S,9,USD,2014,00:00.0,900000405,1,1,,2000,X,20000003,1700717
300,2014,900000406,0L,2000,1,RFBU,,USD,,BKPF,0,1,,225002,,,20005M02,,1000,1000,,,,,,,,,27500,27500,1754500,0,0,27500,S,10,USD,2014,00:00.0,900000406,1,1,,2000,X,20000003,1700717
300,2014,900000407,0L,2000,1,RFBU,,USD,,BKPF,0,1,,225002,,,20005M02,,1000,1000,,,,,,,,,10000,10000,618500,0,0,10000,S,7,USD,2014,00:00.0,900000407,1,1,,2000,X,20000003,1700380
300,2014,900000408,0L,2000,1,RFBU,,USD,,BKPF,0,1,,225002,,,20005M02,,1000,1000,,,,,,,,,20000,20000,1238000,0,0,20000,S,8,USD,2014,00:00.0,900000408,1,1,,2000,X,20000003,1700380
300,2014,900000409,0L,2000,1,RFBU,,USD,,BKPF,0,1,,225002,,,20005M02,,1000,1000,,,,,,,,,10000,10000,638000,0,0,10000,S,10,USD,2014,00:00.0,900000409,1,1,,2000,X,20000003,1700380
300,2014,900000410,0L,2000,1,RFBU,,USD,,BKPF,0,1,,225004,,,20005M02,,1000,1000,,,,,,,,,20000,20000,1238000,0,0,20000,S,8,USD,2014,00:00.0,900000410,1,1,,2000,X,20000003,1700536
300,2014,900000411,0L,2000,1,RFBU,,USD,,BKPF,0,1,,225004,,,20005M02,,1000,1000,,,,,,,,,20000,20000,1277000,0,0,20000,S,9,USD,2014,00:00.0,900000411,1,1,,2000,X,20000003,1700536
300,2014,900000412,0L,2000,1,RFBU,,USD,,BKPF,0,1,,225004,,,20005M02,,1000,1000,,,,,,,,,20000,20000,1276000,0,0,20000,S,10,USD,2014,00:00.0,900000412,1,1,,2000,X,20000003,1700536
300,2014,900000413,0L,2000,1,RFBU,,USD,,BKPF,0,1,,225002,,,20005M02,,1000,1000,,,,,,,,,267900,267900,16542825,0,0,267900,S,7,USD,2014,00:00.0,900000413,1,1,,2000,X,20000003,1700346
300,2014,900000414,0L,2000,1,RFBU,,USD,,BKPF,0,1,,225002,,,20005M02,,1000,1000,,,,,,,,,267900,267900,16623195,0,0,267900,S,8,USD,2014,00:00.0,900000414,1,1,,2000,X,20000003,1700346
300,2014,900000415,0L,2000,1,RFBU,,USD,,BKPF,0,1,,225002,,,20005M02,,1000,1000,,,,,,,,,267900,267900,16583010,0,0,267900,S,9,USD,2014,00:00.0,900000415,1,1,,2000,X,20000003,1700346
300,2014,900000416,0L,2000,1,RFBU,,USD,,BKPF,0,1,,225002,,,20005M02,,1000,1000,,,,,,,,,122000,122000,7789700,0,0,122000,S,9,USD,2014,00:00.0,900000416,1,1,,2000,X,20000003,1700340
300,2014,900000417,0L,2000,1,RFBU,,USD,,BKPF,0,1,,225004,,,20011M02,,1000,1000,,,,,,,,,-75000,-75000,-4631250,0,0,-75000,S,7,USD,2014,00:00.0,900000417,1,12,,2000,X,20100028,1700089
300,2014,900000418,0L,2000,1,RFBU,,USD,,BKPF,0,1,,225004,,,20011M02,,1000,1000,,,,,,,,,48017.57,48017.57,2965084.95,0,0,48017.57,S,7,USD,2014,00:00.0,900000418,1,,,2000,X,20100028,1700089
300,2014,900000419,0L,2000,1,RFBU,,GBP,,BKPF,0,1,,225013,,,20001M01,,1000,1000,,,,,,,,,11250,18151.88,1123875,0,0,11250,S,9,GBP,2014,00:00.0,900000419,1,1,,2000,X,10100858,1500270
300,2014,900000420,0L,2000,1,RFBU,,USD,,BKPF,0,1,,225004,,,20011M02,,1000,1000,,,,,,,,,75000,75000,4631250,0,0,75000,S,9,USD,2014,00:00.0,900000420,1,1,,2000,X,20100028,1700089
300,2014,900000421,0L,2000,1,RFBU,,USD,,BKPF,0,1,,225004,,,20011M02,,1000,1000,,,,,,,,,-15000,-15000,-926250,0,0,-15000,S,7,USD,2014,00:00.0,900000421,1,12,,2000,X,20100028,1700089
300,2014,900000422,0L,2000,1,RFBU,,USD,,BKPF,0,1,,225010,,,20004M16,,1000,1000,,,,,,,,,18750,18750,1168125,0,0,18750,S,7,USD,2014,00:00.0,900000422,1,1,,2000,X,20000003,1302151
300,2014,900000423,0L,2000,1,RFBU,,USD,,BKPF,0,1,,225010,,,20004M16,,1000,1000,,,,,,,,,18750,18750,1197187.5,0,0,18750,S,9,USD,2014,00:00.0,900000423,1,1,,2000,X,20000003,1302151
300,2014,900000424,0L,2000,1,RFBU,,USD,,BKPF,0,1,,225010,,,20004M16,,1000,1000,,,,,,,,,11250,11250,718312.5,0,0,11250,S,9,USD,2014,00:00.0,900000424,1,1,,2000,X,20000003,1301521
300,2014,900000425,0L,2000,1,RFBU,,USD,,BKPF,0,1,,225010,,,20004M16,,1000,1000,,,,,,,,,4500,4500,280350,0,0,4500,S,7,USD,2014,00:00.0,900000425,1,1,,2000,X,20000003,1301535
300,2014,900000426,0L,2000,1,RFBU,,USD,,BKPF,0,1,,225010,,,20004M16,,1000,1000,,,,,,,,,4500,4500,278550,0,0,4500,S,8,USD,2014,00:00.0,900000426,1,1,,2000,X,20000003,1301535
300,2014,900000427,0L,2000,1,RFBU,,USD,,BKPF,0,1,,225010,,,20004M16,,1000,1000,,,,,,,,,4500,4500,278550,0,0,4500,S,9,USD,2014,00:00.0,900000427,1,1,,2000,X,20000003,1301535
300,2014,900000428,0L,2000,1,RFBU,,USD,,BKPF,0,1,,225010,,,20005M03,,1000,1000,,,,,,,,,10000,10000,625000,0,0,10000,S,9,USD,2014,00:00.0,900000428,1,1,,2000,X,20000003,1302132
300,2014,900000429,0L,2000,1,RFBU,,USD,,BKPF,0,1,,225010,,,20005M03,,1000,1000,,,,,,,,,34000,34000,2104600,0,0,34000,S,8,USD,2014,00:00.0,900000429,1,1,,2000,X,20000003,1302035
300,2014,900000430,0L,2000,1,RFBU,,USD,,BKPF,0,1,,225010,,,20005M03,,1000,1000,,,,,,,,,27070.68,27070.68,1691917.5,0,0,27070.68,S,9,USD,2014,00:00.0,900000430,1,1,,2000,X,20000003,1301950
300,2014,900000431,0L,2000,1,RFBU,,USD,,BKPF,0,1,,225010,,,20005M03,,1000,1000,,,,,,,,,40100,40100,2498230,0,0,40100,S,7,USD,2014,00:00.0,900000431,1,1,,2000,X,20000003,1302213
300,2014,900000432,0L,2000,1,RFBU,,USD,,BKPF,0,1,,225010,,,20005M03,,1000,1000,,,,,,,,,18270,18270,1133653.5,0,0,18270,S,7,USD,2014,00:00.0,900000432,1,1,,2000,X,20000003,1700538
300,2014,900000433,0L,2000,1,RFBU,,USD,,BKPF,0,1,,225010,,,20005M03,,1000,1000,,,,,,,,,9000,9000,562500,0,0,9000,S,9,USD,2014,00:00.0,900000433,1,1,,2000,X,20000003,1700538
300,2014,900000434,0L,2000,1,RFBU,,USD,,BKPF,0,1,,225010,,,20005M03,,1000,1000,,,,,,,,,38811.22,38811.22,2478096.4,0,0,38811.22,S,9,USD,2014,00:00.0,900000434,1,1,,2000,X,20000003,1700560
300,2014,900000435,0L,2000,1,RFBU,,USD,,BKPF,0,1,,225010,,,20005M03,,1000,1000,,,,,,,,,37561.22,37561.22,2398283.9,0,0,37561.22,S,9,USD,2014,00:00.0,900000435,1,1,,2000,X,20000003,1700560
300,2014,900000436,0L,2000,1,RFBU,,USD,,BKPF,0,1,,225010,,,20005M03,,1000,1000,,,,,,,,,48978,48978,3051329.4,0,0,48978,S,7,USD,2014,00:00.0,900000436,1,1,,2000,X,20000003,1301975
300,2014,900000437,0L,2000,1,RFBU,,USD,,BKPF,0,1,,225010,,,20005M03,,1000,1000,,,,,,,,,26146,26146,1618437.4,0,0,26146,S,9,USD,2014,00:00.0,900000437,1,1,,2000,X,20000003,1301975
300,2014,900000438,0L,2000,1,RFBU,,USD,,BKPF,0,1,,225010,,,20005M03,,1000,1000,,,,,,,,,104520,104520,6469788,0,0,104520,S,8,USD,2014,00:00.0,900000438,1,1,,2000,X,20000003,1302028
300,2014,900000439,0L,2000,1,RFBU,,USD,,BKPF,0,1,,225010,,,20002M05,,1000,1000,,,,,,,,,35000,35000,2180500,0,0,35000,S,7,USD,2014,00:00.0,900000439,1,1,,2000,X,20000003,1301885
300,2014,900000440,0L,2000,1,RFBU,,USD,,BKPF,0,1,,225010,,,20002M05,,1000,1000,,,,,,,,,35000,35000,2180500,0,0,35000,S,7,USD,2014,00:00.0,900000440,1,1,,2000,X,20000003,1301885
300,2014,900000441,0L,2000,1,RFBU,,USD,,BKPF,0,1,,225010,,,20002M05,,1000,1000,,,,,,,,,47200,47200,2928760,0,0,47200,S,7,USD,2014,00:00.0,900000441,1,1,,2000,X,20000003,1301885
300,2014,900000442,0L,2000,1,RFBU,,USD,,BKPF,0,1,,225010,,,20002M05,,1000,1000,,,,,,,,,53700,53700,3345510,0,0,53700,S,7,USD,2014,00:00.0,900000442,1,1,,2000,X,20000003,1301916
300,2014,900000443,0L,2000,1,RFBU,,USD,,BKPF,0,1,,225010,,,20002M05,,1000,1000,,,,,,,,,5000,5000,311500,0,0,5000,S,7,USD,2014,00:00.0,900000443,1,1,,2000,X,20000003,1700113
300,2014,900000444,0L,2000,1,RFBU,,USD,,BKPF,0,1,,225010,,,20002M05,,1000,1000,,,,,,,,,11200,11200,697760,0,0,11200,S,7,USD,2014,00:00.0,900000444,1,1,,2000,X,20000003,1700113
300,2014,900000445,0L,2000,1,RFBU,,USD,,BKPF,0,1,,225010,,,20002M05,,1000,1000,,,,,,,,,4375,4375,270812.5,0,0,4375,S,8,USD,2014,00:00.0,900000445,1,1,,2000,X,20000003,1700113
300,2014,900000446,0L,2000,1,RFBU,,USD,,BKPF,0,1,,225010,,,20002M05,,1000,1000,,,,,,,,,1700,1700,105910,0,0,1700,S,7,USD,2014,00:00.0,900000446,1,1,,2000,X,20000003,1700562
300,2014,900000447,0L,2000,1,RFBU,,USD,,BKPF,0,1,,225010,,,20002M05,,1000,1000,,,,,,,,,1700,1700,105230,0,0,1700,S,8,USD,2014,00:00.0,900000447,1,1,,2000,X,20000003,1700562
300,2014,900000448,0L,2000,1,RFBU,,USD,,BKPF,0,1,,225010,,,20002M05,,1000,1000,,,,,,,,,42000,42000,2616600,0,0,42000,S,7,USD,2014,00:00.0,900000448,1,1,,2000,X,20000003,1302199
300,2014,900000449,0L,2000,1,RFBU,,USD,,BKPF,0,1,,225010,,,20002M05,,1000,1000,,,,,,,,,1115.6,1115.6,71231.06,0,0,1115.6,S,9,USD,2014,00:00.0,900000449,1,1,,2000,X,20000003,1700094
300,2014,900000450,0L,2000,1,RFBU,,USD,,BKPF,0,1,,225006,,,20002M05,,1000,1000,,,,,,,,,50000,50000,3095000,0,0,50000,S,8,USD,2014,00:00.0,900000450,1,1,,2000,X,20000003,1700550
300,2014,900000451,0L,2000,1,RFBU,,USD,,BKPF,0,1,,225010,,,20002M05,,1000,1000,,,,,,,,,100000,100000,6190000,0,0,100000,S,8,USD,2014,00:00.0,900000451,1,1,,2000,X,20000003,1302308
300,2014,900000452,0L,2000,1,RFBU,,USD,,BKPF,0,1,,225010,,,20002M05,,1000,1000,,,,,,,,,15300,15300,947070,0,0,15300,S,8,USD,2014,00:00.0,900000452,1,1,,2000,X,20000003,1301063
300,2014,900000453,0L,2000,1,RFBU,,USD,,BKPF,0,1,,225010,,,20002M05,,1000,1000,,,,,,,,,87000,87000,5554950,0,0,87000,S,9,USD,2014,00:00.0,900000453,1,1,,2000,X,20000003,1302031
300,2014,900000454,0L,2000,1,RFBU,,USD,,BKPF,0,1,,225010,,,20002M05,,1000,1000,,,,,,,,,40950,40950,2559375,0,0,40950,S,9,USD,2014,00:00.0,900000454,1,1,,2000,X,20000003,1302179
300,2014,900000455,0L,2000,1,RFBU,,USD,,BKPF,0,1,,225010,,,20002M05,,1000,1000,,,,,,,,,150000,150000,9375000,0,0,150000,S,9,USD,2014,00:00.0,900000455,1,1,,2000,X,20000003,1302308
300,2014,900000456,0L,2000,1,RFBU,,USD,,BKPF,0,1,,225010,,,20002M05,,1000,1000,,,,,,,,,44550,44550,2750962.5,0,0,44550,S,7,USD,2014,00:00.0,900000456,1,1,,2000,X,20000003,1302175
300,2014,900001446,0L,5000,1,RFBU,,USD,,BKPF,0,1,,225000,,,50005U02,,1000,1000,,,,,,,,,-12682.91,-12682.91,-766681.91,0,0,-12682.91,S,9,USD,2014,00:00.0,900001446,1,12,,2000,X,50100120,1001142
300,2014,900001447,0L,5000,1,RFBU,,USD,,BKPF,0,1,,225000,,,50005U02,,1000,1000,,,,,,,,,-532.91,-532.91,-32347.64,0,0,-532.91,S,9,USD,2014,00:00.0,900001447,1,12,,2000,X,50100120,1800236
300,2014,900001448,0L,5000,1,RFBU,,USD,,BKPF,0,1,,225000,,,50005U02,,1000,1000,,,,,,,,,628.51,628.51,38496.24,0,0,628.51,S,9,USD,2014,00:00.0,900001448,1,1,,2000,X,50100120,1800236
300,2014,900001449,0L,5000,1,RFBU,,USD,,BKPF,0,1,,225000,,,50005U02,,1000,1000,,,,,,,,,1036.47,1036.47,64002.02,0,0,1036.47,S,9,USD,2014,00:00.0,900001449,1,1,,2000,X,50100120,1800236
300,2014,900001450,0L,5000,1,RFBU,,USD,,BKPF,0,1,,225000,,,50005U02,,1000,1000,,,,,,,,,-2051.88,-2051.88,-125677.65,0,0,-2051.88,S,9,USD,2014,00:00.0,900001450,1,12,,2000,X,50100120,1800236
300,2014,900001451,0L,5000,1,RFBU,,USD,,BKPF,0,1,,225000,,,50005U02,,1000,1000,,,,,,,,,243.68,243.68,15558.97,0,0,243.68,S,9,USD,2014,00:00.0,900001451,1,1,,2000,X,50100120,1800236
300,2014,900001452,0L,5000,1,RFBU,,USD,,BKPF,0,1,,225000,,,50005U02,,1000,1000,,,,,,,,,262.82,262.82,16781.06,0,0,262.82,S,9,USD,2014,00:00.0,900001452,1,1,,2000,X,50100120,1800236
300,2014,900001453,0L,5000,1,RFBU,,USD,,BKPF,0,1,,225000,,,50005U02,,1000,1000,,,,,,,,,262.82,262.82,16781.06,0,0,262.82,S,9,USD,2014,00:00.0,900001453,1,1,,2000,X,50100120,1800236
300,2014,900001454,0L,5000,1,RFBU,,USD,,BKPF,0,1,,225000,,,50005U02,,1000,1000,,,,,,,,,-60.19,-60.19,-3686.64,0,0,-60.19,S,9,USD,2014,00:00.0,900001454,1,12,,2000,X,50100120,1800805
300,2014,900001455,0L,5000,1,RFBU,,USD,,BKPF,0,1,,225000,,,50005U02,,1000,1000,,,,,,,,,-5414.07,-5414.07,-331611.79,0,0,-5414.07,S,9,USD,2014,00:00.0,900001455,1,12,,2000,X,50100120,1800635
300,2014,900001456,0L,5000,1,RFBU,,USD,,BKPF,0,1,,225000,,,50005U02,,1000,1000,,,,,,,,,98.64,98.64,6091.02,0,0,98.64,S,9,USD,2014,00:00.0,900001456,1,1,,2000,X,50100120,1800805
300,2014,900001457,0L,5000,1,RFBU,,USD,,BKPF,0,1,,225000,,,50005U02,,1000,1000,,,,,,,,,5335.45,5335.45,329464.04,0,0,5335.45,S,9,USD,2014,00:00.0,900001457,1,1,,2000,X,50100120,1800635
300,2014,900001458,0L,5000,1,RFBU,,USD,,BKPF,0,1,,225000,,,50005U02,,1000,1000,,,,,,,,,79.99,79.99,4939.38,0,0,79.99,S,9,USD,2014,00:00.0,900001458,1,1,,2000,X,50100120,1800635
300,2014,900001459,0L,5000,1,RFBU,,USD,,BKPF,0,1,,225000,,,50005U02,,1000,1000,,,,,,,,,32.02,32.02,2044.48,0,0,32.02,S,9,USD,2014,00:00.0,900001459,1,1,,2000,X,50100120,1800804
300,2014,900001460,0L,5000,1,RFBU,,USD,,BKPF,0,1,,225000,,,50012U01,,1000,1000,,,,,,,,,-7389.47,-7389.47,-448540.83,0,0,-7389.47,S,9,USD,2014,00:00.0,900001460,1,12,,2000,X,50100120,1100084
300,2014,900001461,0L,5000,1,RFBU,,USD,,BKPF,0,1,,225000,,,50012U01,,1000,1000,,,,,,,,,-6971,-6971,-432550.55,0,0,-6971,S,9,USD,2014,00:00.0,900001461,1,12,,2000,X,50100120,1008960
300,2014,900001462,0L,5000,1,RFBU,,USD,,BKPF,0,1,,225000,,,50012U01,,1000,1000,,,,,,,,,-1912.5,-1912.5,-122113.13,0,0,-1912.5,S,9,USD,2014,00:00.0,900001462,1,12,,2000,X,50100120,1004361
300,2014,900001463,0L,5000,1,RFBU,,USD,,BKPF,0,1,,225000,,,50003U02,,1000,1000,,,,,,,,,1912.5,1912.5,122113.13,0,0,1912.5,S,9,USD,2014,00:00.0,900001463,1,1,,2000,X,50100120,1004361
300,2014,900001464,0L,5000,1,RFBU,,USD,,BKPF,0,1,,225000,,,50018C01,,1000,1000,,,,,,,,,-34993.3,-34993.3,-2143339.63,0,0,-34993.3,S,9,USD,2014,00:00.0,900001464,1,12,,2000,X,50100120,1010548
300,2014,900001465,0L,5000,1,RFBU,,USD,,BKPF,0,1,,225000,,,50018C01,,1000,1000,,,,,,,,,9219.04,9219.04,569275.72,0,0,9219.04,S,9,USD,2014,00:00.0,900001465,1,1,,2000,X,50100120,1010548
300,2014,900001466,0L,5000,1,RFBU,,USD,,BKPF,0,1,,225000,,,50018C01,,1000,1000,,,,,,,,,-9219.04,-9219.04,-569275.72,0,0,-9219.04,S,9,USD,2014,00:00.0,900001466,1,12,,2000,X,50100120,1010548
300,2014,900026391,0L,1010,1,RFBU,,INR,,BKPF,0,1,,225029,,,101024407,,ZI01,1000,,,,,,,,,19942,19942,0,0,0,19942,S,8,INR,2014,00:00.0,900026391,1,1,,2000,X,14001346,COWSS-2160
300,2014,900026392,0L,1010,1,RFBU,,INR,,BKPF,0,1,,225021,,,10041M01,,ZI01,1000,,,,,,,,,1191410,1191410,0,0,0,1191410,S,9,INR,2014,00:00.0,900026392,1,1,,2000,X,14000328,ZEEL
300,2014,900026393,0L,1010,1,RFBU,,INR,,BKPF,0,1,,225029,,,101024407,,ZI01,1000,,,,,,,,,39884,39884,0,0,0,39884,S,9,INR,2014,00:00.0,900026393,1,1,,2000,X,14001346,COWSS-2160
300,2014,900026394,0L,1010,1,RFBU,,INR,,BKPF,0,1,,225029,,,101024407,,ZI01,1000,,,,,,,,,82839,82839,0,0,0,82839,S,9,INR,2014,00:00.0,900026394,1,1,,2000,X,14001346,COWSS-2164
300,2014,900026395,0L,1010,1,RFBU,,INR,,BKPF,0,1,,225029,,,101024407,,ZI01,1000,,,,,,,,,31172,31172,0,0,0,31172,S,9,INR,2014,00:00.0,900026395,1,1,,2000,X,14001346,COWSS-2162
300,2014,900026396,0L,1010,1,RFBU,,INR,,BKPF,0,1,,225029,,,101024407,,ZI01,1000,,,,,,,,,24011,24011,0,0,0,24011,S,9,INR,2014,00:00.0,900026396,1,1,,2000,X,14001346,COWSS-2161
300,2014,900026397,0L,1010,1,RFBU,,INR,,BKPF,0,1,,225019,,,101024407,,ZI01,1000,,,,,,,,,83850,83850,0,0,0,83850,S,9,INR,2014,00:00.0,900026397,1,1,,2000,X,14001346,ADMLWPSCHE
300,2014,1000001887,0L,1010,1,SD00,,INR,,VBRK,0,1,,225020,,,101011101,,ZI01,1000,,,,,,,,,222499,222499,0,0,0,222499,S,9,INR,2014,00:00.0,1000001887,1,1,,2000,X,14000328,W-R-C-3185
300,2014,1000001888,0L,1010,1,SD00,,INR,,VBRK,0,1,,225020,,,101011101,,ZI01,1000,,,,,,,,,222499,222499,0,0,0,222499,S,9,INR,2014,00:00.0,1000001888,1,1,,2000,X,14000328,S-R-C-3183
300,2014,1000001889,0L,1010,1,SD00,,INR,,VBRK,0,1,,225020,,,101011101,,ZI12,1000,,,,,,,,,222499,222499,0,0,0,222499,S,9,INR,2014,00:00.0,1000001889,1,1,,2000,X,14000328,E-R-C-3172
300,2014,1000001890,0L,1010,1,SD00,,INR,,VBRK,0,1,,225020,,,101011101,,ZI01,1000,,,,,,,,,222499,222499,0,0,0,222499,S,9,INR,2014,00:00.0,1000001890,1,1,,2000,X,14000328,W-R-C-3186
300,2014,1000001891,0L,1010,1,SD00,,INR,,VBRK,0,1,,225020,,,101011101,,ZI12,1000,,,,,,,,,222499,222499,0,0,0,222499,S,9,INR,2014,00:00.0,1000001891,1,1,,2000,X,14000328,E-R-C-3182
300,2014,1000001892,0L,1010,1,SD00,,INR,,VBRK,0,1,,225020,,,101011101,,ZI12,1000,,,,,,,,,222499,222499,0,0,0,222499,S,9,INR,2014,00:00.0,1000001892,1,1,,2000,X,14000328,E-R-C-3187
300,2014,1000001893,0L,1010,1,SD00,,INR,,VBRK,0,1,,225020,,,101011101,,ZI01,1000,,,,,,,,,155749,155749,0,0,0,155749,S,9,INR,2014,00:00.0,1000001893,1,1,,2000,X,14000328,S-R-C-3180
300,2014,1000001894,0L,1010,1,SD00,,INR,,VBRK,0,1,,225020,,,101011101,,ZI12,1000,,,,,,,,,222499,222499,0,0,0,222499,S,9,INR,2014,00:00.0,1000001894,1,1,,2000,X,14000328,E-R-C-3190
300,2014,1000001895,0L,1010,1,SD00,,INR,,VBRK,0,1,,225020,,,101011101,,ZI01,1000,,,,,,,,,222499,222499,0,0,0,222499,S,9,INR,2014,00:00.0,1000001895,1,1,,2000,X,14000328,W-R-C-3176
300,2014,1000001896,0L,1010,1,SD00,,INR,,VBRK,0,1,,225020,,,101011101,,ZI01,1000,,,,,,,,,222499,222499,0,0,0,222499,S,9,INR,2014,00:00.0,1000001896,1,1,,2000,X,14000328,W-R-C-3191
300,2014,1000001897,0L,1010,1,SD00,,INR,,VBRK,0,1,,225020,,,101011101,,ZI12,1000,,,,,,,,,222499,222499,0,0,0,222499,S,9,INR,2014,00:00.0,1000001897,1,1,,2000,X,14000328,E-R-C-3188
300,2014,1000001898,0L,1010,1,SD00,,INR,,VBRK,0,1,,225020,,,101011101,,ZI01,1000,,,,,,,,,266999,266999,0,0,0,266999,S,9,INR,2014,00:00.0,1000001898,1,1,,2000,X,14000328,S-R-S-3195
300,2014,1000001899,0L,1010,1,SD00,,INR,,VBRK,0,1,,225020,,,101011101,,ZI01,1000,,,,,,,,,266999,266999,0,0,0,266999,S,9,INR,2014,00:00.0,1000001899,1,1,,2000,X,14000328,S-R-S-3197
300,2014,1000001900,0L,1010,1,SD00,,INR,,VBRK,0,1,,225020,,,101011101,,ZI01,1000,,,,,,,,,222499,222499,0,0,0,222499,S,9,INR,2014,00:00.0,1000001900,1,1,,2000,X,14000328,S-R-C-3210
300,2014,1000001901,0L,1010,1,SD00,,INR,,VBRK,0,1,,225020,,,101011101,,ZI01,1000,,,,,,,,,177999,177999,0,0,0,177999,S,9,INR,2014,00:00.0,1000001901,1,1,,2000,X,14000328,W-R-C-3189
300,2014,1000001902,0L,1010,1,SD00,,INR,,VBRK,0,1,,225020,,,101011101,,ZI12,1000,,,,,,,,,222499,222499,0,0,0,222499,S,9,INR,2014,00:00.0,1000001902,1,1,,2000,X,14000328,E-R-C-3207
300,2014,1000001903,0L,1010,1,SD00,,INR,,VBRK,0,1,,225020,,,101011101,,ZI11,1000,,,,,,,,,222499,222499,0,0,0,222499,S,9,INR,2014,00:00.0,1000001903,1,1,,2000,X,14000328,N-R-C-3199
300,2014,1100012586,0L,1000,1,RFBU,315,INR,,BKPF,0,1,,218702,,,10012M01,,1000,1000,,,,,,,,,180000000,180000000,180000000,0,0,180000000,S,10,INR,2014,00:00.0,1100012586,1,4,,2000,X,10100794,1500046
300,2014,1100012587,0L,1000,1,RFBU,315,INR,,BKPF,0,1,,218702,,,10012M01,,1000,1000,,,,,,,,,200000000,200000000,200000000,0,0,200000000,S,10,INR,2014,00:00.0,1100012587,1,4,,2000,X,10100794,1500025
300,2014,1100012588,0L,1000,1,RFBU,315,INR,,BKPF,0,1,,218702,,,10012M01,,1000,1000,,,,,,,,,200000000,200000000,200000000,0,0,200000000,S,10,INR,2014,00:00.0,1100012588,1,4,,2000,X,10100794,1500026
300,2014,1100012589,0L,1000,1,RFBU,305,INR,,BKPF,0,1,,218702,,,10012M01,,1000,1000,,,,,,,,,250000000,250000000,250000000,0,0,250000000,S,10,INR,2014,00:00.0,1100012589,1,4,,2000,X,10100794,1500028
300,2014,1100012590,0L,1000,1,RFBU,305,INR,,BKPF,0,1,,218702,,,10012M01,,1000,1000,,,,,,,,,350000000,350000000,350000000,0,0,350000000,S,10,INR,2014,00:00.0,1100012590,1,4,,2000,X,10100794,1500017
300,2014,1300020570,0L,1010,1,RFBU,,INR,,BKPF,0,1,,225008,,,101010000,,ZI02,1000,,,,,,,,,-24000,-24000,0,0,0,-24000,H,10,INR,2014,00:00.0,1300020570,1,15,,2000,X,14001164,E-B-N-132
300,2014,1300020571,0L,1010,1,RFBU,,INR,,BKPF,0,1,,225020,,,101010000,,ZI02,1000,,,,,,,,,-30000,-30000,0,0,0,-30000,H,10,INR,2014,00:00.0,1300020571,1,15,,2000,X,14001164,E-R-C-2779
300,2014,1300020572,0L,1010,1,RFBU,,INR,,BKPF,0,1,,225008,,,101010000,,ZI02,1000,,,,,,,,,-66000,-66000,0,0,0,-66000,H,10,INR,2014,00:00.0,1300020572,1,15,,2000,X,14001164,E-S-C-1669
300,2014,1300020573,0L,1010,1,RFBU,,INR,,BKPF,0,1,,225008,,,101010000,,ZI02,1000,,,,,,,,,-15330,-15330,0,0,0,-15330,H,10,INR,2014,00:00.0,1300020573,1,15,,2000,X,14001164,E-U-C-904
300,2014,1300020574,0L,1010,1,RFBU,,INR,,BKPF,0,1,,225020,,,101010000,,ZI01,1000,,,,,,,,,-1900,-1900,0,0,0,-1900,H,10,INR,2014,00:00.0,1300020574,1,15,,2000,X,14001164,W-R-C-2710
300,2014,1300020575,0L,1010,1,RFBU,,INR,,BKPF,0,1,,225020,,,101010000,,ZI02,1000,,,,,,,,,-23000,-23000,0,0,0,-23000,H,10,INR,2014,00:00.0,1300020575,1,15,,2000,X,14001164,E-R-C-2221
300,2014,1300020576,0L,1010,1,RFBU,,INR,,BKPF,0,1,,225020,,,101010000,,ZI01,1000,,,,,,,,,-8600,-8600,0,0,0,-8600,H,10,INR,2014,00:00.0,1300020576,1,15,,2000,X,14001164,S-R-C-2831
300,2014,1300020577,0L,1010,1,RFBU,,INR,,BKPF,0,1,,225020,,,101010000,,ZI01,1000,,,,,,,,,-56750,-56750,0,0,0,-56750,H,10,INR,2014,00:00.0,1300020577,1,15,,2000,X,14001164,S-S-S-1499
300,2014,1300020578,0L,1010,1,RFBU,,INR,,BKPF,0,1,,225008,,,101010000,,ZI03,1000,,,,,,,,,-65000,-65000,0,0,0,-65000,H,10,INR,2014,00:00.0,1300020578,1,15,,2000,X,14001164,N-A-M-1169
300,2014,1300020579,0L,1010,1,RFBU,,INR,,BKPF,0,1,,225008,,,101010000,,ZI01,1000,,,,,,,,,-7900,-7900,0,0,0,-7900,H,10,INR,2014,00:00.0,1300020579,1,15,,2000,X,14001164,W-C-U-242
300,2014,1300020580,0L,1010,1,RFBU,,INR,,BKPF,0,1,,225008,,,101010000,,ZI01,1000,,,,,,,,,-13210,-13210,0,0,0,-13210,H,10,INR,2014,00:00.0,1300020580,1,15,,2000,X,14001164,S-A-M-949
300,2014,1300020581,0L,1010,1,RFBU,,INR,,BKPF,0,1,,225008,,,101010000,,ZI01,1000,,,,,,,,,-141000,-141000,0,0,0,-141000,H,10,INR,2014,00:00.0,1300020581,1,15,,2000,X,14001164,S-R-S-2043
300,2014,1300020582,0L,1010,1,RFBU,,INR,,BKPF,0,1,,225008,,,101010000,,ZI02,1000,,,,,,,,,-54000,-54000,0,0,0,-54000,H,10,INR,2014,00:00.0,1300020582,1,15,,2000,X,14001164,E-U-C-810
300,2014,1300020583,0L,1010,1,RFBU,,INR,,BKPF,0,1,,225020,,,101010000,,ZI01,1000,,,,,,,,,-14920,-14920,0,0,0,-14920,H,10,INR,2014,00:00.0,1300020583,1,15,,2000,X,14001164,W-A-M-1414
300,2014,1300020584,0L,1010,1,RFBU,,INR,,BKPF,0,1,,225008,,,101010000,,ZI02,1000,,,,,,,,,-7940,-7940,0,0,0,-7940,H,10,INR,2014,00:00.0,1300020584,1,15,,2000,X,14001164,E-A-M-1179
300,2014,1300020585,0L,1010,1,RFBU,,INR,,BKPF,0,1,,225020,,,101010000,,ZI01,1000,,,,,,,,,-5280,-5280,0,0,0,-5280,H,10,INR,2014,00:00.0,1300020585,1,15,,2000,X,14001164,S-R-S-2660
300,2014,1300020586,0L,1010,1,RFBU,,INR,,BKPF,0,1,,225008,,,101010000,,ZI03,1000,,,,,,,,,-50000,-50000,0,0,0,-50000,H,10,INR,2014,00:00.0,1300020586,1,15,,2000,X,14001164,N-B-N-271
300,2014,1300020587,0L,1010,1,RFBU,,INR,,BKPF,0,1,,225020,,,101010000,,ZI01,1000,,,,,,,,,-150000,-150000,0,0,0,-150000,H,10,INR,2014,00:00.0,1300020587,1,15,,2000,X,14001164,S-R-C-2568
300,2014,1300020588,0L,1010,1,RFBU,,INR,,BKPF,0,1,,225008,,,101010000,,ZI02,1000,,,,,,,,,-68220,-68220,0,0,0,-68220,H,10,INR,2014,00:00.0,1300020588,1,15,,2000,X,14001164,E-B-U-269
300,2014,1300020589,0L,1010,1,RFBU,,INR,,BKPF,0,1,,225020,,,101010000,,ZI01,1000,,,,,,,,,-6600,-6600,0,0,0,-6600,H,10,INR,2014,00:00.0,1300020589,1,15,,2000,X,14001164,W-R-C-2669
300,2014,1300020590,0L,1010,1,RFBU,,INR,,BKPF,0,1,,225008,,,101010000,,ZI01,1000,,,,,,,,,-12000,-12000,0,0,0,-12000,H,10,INR,2014,00:00.0,1300020590,1,15,,2000,X,14001164,W-U-S-515
300,2014,1300020591,0L,1010,1,RFBU,,INR,,BKPF,0,1,,225020,,,101010000,,ZI01,1000,,,,,,,,,-2150,-2150,0,0,0,-2150,H,10,INR,2014,00:00.0,1300020591,1,15,,2000,X,14001164,S-R-S-2340
300,2014,1300020592,0L,1010,1,RFBU,,INR,,BKPF,0,1,,225020,,,101010000,,ZI03,1000,,,,,,,,,-9900,-9900,0,0,0,-9900,H,10,INR,2014,00:00.0,1300020592,1,15,,2000,X,14001164,N-R-C-2503
300,2014,1300020593,0L,1010,1,RFBU,,INR,,BKPF,0,1,,225020,,,101010000,,ZI02,1000,,,,,,,,,-7050,-7050,0,0,0,-7050,H,10,INR,2014,00:00.0,1300020593,1,15,,2000,X,14001164,E-R-C-2368
300,2014,1300020594,0L,1010,1,RFBU,,INR,,BKPF,0,1,,225008,,,101010000,,ZI01,1000,,,,,,,,,-10000,-10000,0,0,0,-10000,H,10,INR,2014,00:00.0,1300020594,1,15,,2000,X,14001164,S-R-C-1899
300,2014,1300020595,0L,1010,1,RFBU,,INR,,BKPF,0,1,,225020,,,101010000,,ZI01,1000,,,,,,,,,-6020,-6020,0,0,0,-6020,H,10,INR,2014,00:00.0,1300020595,1,15,,2000,X,14001164,W-R-C-2590
300,2014,1300020596,0L,1010,1,RFBU,,INR,,BKPF,0,1,,225008,,,101010000,,ZI01,1000,,,,,,,,,-150000,-150000,0,0,0,-150000,H,10,INR,2014,00:00.0,1300020596,1,15,,2000,X,14001164,S-L-S-1537
300,2014,1300020597,0L,1010,1,RFBU,,INR,,BKPF,0,1,,225020,,,101010000,,ZI02,1000,,,,,,,,,-66960,-66960,0,0,0,-66960,H,10,INR,2014,00:00.0,1300020597,1,15,,2000,X,14001164,E-R-C-2643
300,2014,1300020598,0L,1010,1,RFBU,,INR,,BKPF,0,1,,225020,,,101010000,,ZI02,1000,,,,,,,,,-26980,-26980,0,0,0,-26980,H,10,INR,2014,00:00.0,1300020598,1,15,,2000,X,14001164,E-A-M-1375
300,2014,1300020599,0L,1010,1,RFBU,,INR,,BKPF,0,1,,225020,,,101010000,,ZI02,1000,,,,,,,,,-12000,-12000,0,0,0,-12000,H,10,INR,2014,00:00.0,1300020599,1,15,,2000,X,14001164,E-R-C-3006
300,2014,1300020600,0L,1010,1,RFBU,,INR,,BKPF,0,1,,225008,,,101010000,,ZI02,1000,,,,,,,,,-25000,-25000,0,0,0,-25000,H,10,INR,2014,00:00.0,1300020600,1,15,,2000,X,14001164,E-A-M-1271
300,2014,1300020601,0L,1010,1,RFBU,,INR,,BKPF,0,1,,225020,,,101010000,,ZI01,1000,,,,,,,,,-150000,-150000,0,0,0,-150000,H,10,INR,2014,00:00.0,1300020601,1,15,,2000,X,14001164,S-R-S-2908
300,2014,1300020602,0L,1010,1,RFBU,,INR,,BKPF,0,1,,225020,,,101010000,,ZI03,1000,,,,,,,,,-467000,-467000,0,0,0,-467000,H,10,INR,2014,00:00.0,1300020602,1,15,,2000,X,14001164,N-R-C-3161
300,2014,1300020603,0L,1010,1,RFBU,,INR,,BKPF,0,1,,225020,,,101010000,,ZI03,1000,,,,,,,,,-1300,-1300,0,0,0,-1300,H,10,INR,2014,00:00.0,1300020603,1,15,,2000,X,14001164,N-T-C-1443
300,2014,1300020604,0L,1010,1,RFBU,,INR,,BKPF,0,1,,225020,,,101010000,,ZI01,1000,,,,,,,,,-10000,-10000,0,0,0,-10000,H,10,INR,2014,00:00.0,1300020604,1,15,,2000,X,14001164,S-S-S-2165
300,2014,1300020605,0L,1010,1,RFBU,,INR,,BKPF,0,1,,225008,,,101010000,,ZI02,1000,,,,,,,,,-7940,-7940,0,0,0,-7940,H,10,INR,2014,00:00.0,1300020605,1,15,,2000,X,14001164,E-A-M-1179
300,2014,1300020606,0L,1010,1,RFBU,,INR,,BKPF,0,1,,225020,,,101010000,,ZI02,1000,,,,,,,,,-15880,-15880,0,0,0,-15880,H,10,INR,2014,00:00.0,1300020606,1,15,,2000,X,14001164,E-A-M-1369
300,2014,1300020607,0L,1010,1,RFBU,,INR,,BKPF,0,1,,225020,,,101010000,,ZI02,1000,,,,,,,,,-5000,-5000,0,0,0,-5000,H,10,INR,2014,00:00.0,1300020607,1,15,,2000,X,14001164,E-R-C-2249
300,2014,1300020608,0L,1010,1,RFBU,,INR,,BKPF,0,1,,225008,,,101010000,,ZI02,1000,,,,,,,,,-41420,-41420,0,0,0,-41420,H,10,INR,2014,00:00.0,1300020608,1,15,,2000,X,14001164,E-S-C-1604
300,2014,1300020609,0L,1010,1,RFBU,,INR,,BKPF,0,1,,225008,,,101010000,,ZI01,1000,,,,,,,,,-44000,-44000,0,0,0,-44000,H,10,INR,2014,00:00.0,1300020609,1,15,,2000,X,14001164,S-A-M-1173
300,2014,1300020610,0L,1010,1,RFBU,,INR,,BKPF,0,1,,225020,,,101010000,,ZI02,1000,,,,,,,,,-7390,-7390,0,0,0,-7390,H,10,INR,2014,00:00.0,1300020610,1,15,,2000,X,14001164,E-R-C-2263
300,2014,1300020611,0L,1010,1,RFBU,,INR,,BKPF,0,1,,225020,,,101010000,,ZI01,1000,,,,,,,,,-4000,-4000,0,0,0,-4000,H,9,INR,2014,00:00.0,1300020611,1,15,,2000,X,14001164,UNTRACEBNK
300,2014,1300020612,0L,1010,1,RFBU,,INR,,BKPF,0,1,,225008,,,101010000,,ZI02,1000,,,,,,,,,-27390,-27390,0,0,0,-27390,H,10,INR,2014,00:00.0,1300020612,1,15,,2000,X,14001164,E-R-C-1933
300,2014,1300020613,0L,1010,1,RFBU,,INR,,BKPF,0,1,,225020,,,101010000,,ZI02,1000,,,,,,,,,-5320,-5320,0,0,0,-5320,H,10,INR,2014,00:00.0,1300020613,1,15,,2000,X,14001164,E-A-M-1375
300,2014,1300020614,0L,1010,1,RFBU,,INR,,BKPF,0,1,,225008,,,101010000,,ZI01,1000,,,,,,,,,-4530,-4530,0,0,0,-4530,H,10,INR,2014,00:00.0,1300020614,1,15,,2000,X,14001164,W-B-U-590
300,2014,1300020615,0L,1010,1,RFBU,,INR,,BKPF,0,1,,225022,,,101030000,,ZI01,1000,,,,,,,,,-635,-635,0,0,0,-635,H,9,INR,2014,00:00.0,1300020615,1,15,,2000,X,14001164,WGAMF-1023
300,2014,1300020616,0L,1010,1,RFBU,,INR,,BKPF,0,1,,225024,,,101057000,,ZI01,1000,,,,,,,,,-110700,-110700,0,0,0,-110700,H,9,INR,2014,00:00.0,1300020616,1,15,,2000,X,14001164,MH-C-Q-105
300,2014,1300020617,0L,1010,1,RFBU,,INR,,BKPF,0,1,,225024,,,101057000,,ZI01,1000,,,,,,,,,-24000,-24000,0,0,0,-24000,H,9,INR,2014,00:00.0,1300020617,1,15,,2000,X,14001164,AP-S-Q-129
300,2014,1300020618,0L,1010,1,RFBU,,INR,,BKPF,0,1,,225024,,,101057000,,ZI01,1000,,,,,,,,,-50000,-50000,0,0,0,-50000,H,9,INR,2014,00:00.0,1300020618,1,15,,2000,X,14001164,GJ-S-Q-7
300,2014,1300020619,0L,1010,1,RFBU,,INR,,BKPF,0,1,,225021,,,101060000,,ZI01,1000,,,,,,,,,-10000,-10000,0,0,0,-10000,H,8,INR,2014,00:00.0,1300020619,1,15,,2000,X,14001164,ZIMA OWN
300,2014,1300020620,0L,1010,1,RFBU,,INR,,BKPF,0,1,,225021,,,101060000,,ZI01,1000,,,,,,,,,-20460.05,-20460.05,0,0,0,-20460.05,H,9,INR,2014,00:00.0,1300020620,1,15,,2000,X,14001164,ZIMA OWN
300,2014,1300020621,0L,1010,1,RFBU,,INR,,BKPF,0,1,,225021,,,101060000,,ZI01,1000,,,,,,,,,-20000,-20000,0,0,0,-20000,H,9,INR,2014,00:00.0,1300020621,1,15,,2000,X,14001164,ZIMA OWN
300,2014,1300020622,0L,1010,1,RFBU,,INR,,BKPF,0,1,,225021,,,101060000,,ZI01,1000,,,,,,,,,-30000,-30000,0,0,0,-30000,H,9,INR,2014,00:00.0,1300020622,1,15,,2000,X,14001164,ZIMA OWN
300,2014,1300020623,0L,1010,1,RFBU,,INR,,BKPF,0,1,,225021,,,101060000,,ZI01,1000,,,,,,,,,-10000,-10000,0,0,0,-10000,H,9,INR,2014,00:00.0,1300020623,1,15,,2000,X,14001164,ZIMA OWN
300,2014,1300020624,0L,1010,1,RFBU,,INR,,BKPF,0,1,,225021,,,101060000,,ZI01,1000,,,,,,,,,-23147,-23147,0,0,0,-23147,H,9,INR,2014,00:00.0,1300020624,1,15,,2000,X,14001164,ZIMA OWN
300,2014,1300020625,0L,1010,1,RFBU,,INR,,BKPF,0,1,,225021,,,101060000,,ZI01,1000,,,,,,,,,-11236,-11236,0,0,0,-11236,H,9,INR,2014,00:00.0,1300020625,1,15,,2000,X,14001164,ZICA OWN
300,2014,1300020626,0L,1010,1,RFBU,,INR,,BKPF,0,1,,225021,,,101060000,,ZI01,1000,,,,,,,,,-11236,-11236,0,0,0,-11236,H,9,INR,2014,00:00.0,1300020626,1,15,,2000,X,14001164,ZICA OWN
300,2014,1300020627,0L,1010,1,RFBU,,INR,,BKPF,0,1,,225021,,,101060000,,ZI01,1000,,,,,,,,,-11236,-11236,0,0,0,-11236,H,9,INR,2014,00:00.0,1300020627,1,15,,2000,X,14001164,ZICA OWN
300,2014,1300020628,0L,1010,1,RFBU,,INR,,BKPF,0,1,,225021,,,101060000,,ZI01,1000,,,,,,,,,-11176.78,-11176.78,0,0,0,-11176.78,H,9,INR,2014,00:00.0,1300020628,1,15,,2000,X,14001164,ZICA OWN
300,2014,1300020629,0L,1010,1,RFBU,,INR,,BKPF,0,1,,225021,,,101060000,,ZI01,1000,,,,,,,,,-11236,-11236,0,0,0,-11236,H,9,INR,2014,00:00.0,1300020629,1,15,,2000,X,14001164,ZICA OWN
300,2014,1300020630,0L,1010,1,RFBU,,INR,,BKPF,0,1,,225021,,,101060000,,ZI01,1000,,,,,,,,,-11854,-11854,0,0,0,-11854,H,9,INR,2014,00:00.0,1300020630,1,15,,2000,X,14001164,ZICA OWN
300,2014,1300020631,0L,1010,1,RFBU,,INR,,BKPF,0,1,,225021,,,101060000,,ZI01,1000,,,,,,,,,-11250,-11250,0,0,0,-11250,H,9,INR,2014,00:00.0,1300020631,1,15,,2000,X,14001164,ZICA OWN
300,2014,1300020632,0L,1010,1,RFBU,,INR,,BKPF,0,1,,225021,,,101060000,,ZI01,1000,,,,,,,,,-5000,-5000,0,0,0,-5000,H,9,INR,2014,00:00.0,1300020632,1,15,,2000,X,14001164,ZICA OWN
300,2014,1300020633,0L,1010,1,RFBU,,INR,,BKPF,0,1,,225021,,,101060000,,ZI01,1000,,,,,,,,,-17933.4,-17933.4,0,0,0,-17933.4,H,9,INR,2014,00:00.0,1300020633,1,15,,2000,X,14001164,ZICA OWN
300,2014,1300020634,0L,1010,1,RFBU,,INR,,BKPF,0,1,,225021,,,101060000,,ZI01,1000,,,,,,,,,-20000,-20000,0,0,0,-20000,H,9,INR,2014,00:00.0,1300020634,1,15,,2000,X,14001164,ZIMA OWN
300,2014,1300020635,0L,1010,1,RFBU,,INR,,BKPF,0,1,,225021,,,101060000,,ZI01,1000,,,,,,,,,-35000,-35000,0,0,0,-35000,H,9,INR,2014,00:00.0,1300020635,1,15,,2000,X,14001164,ZIMA OWN
300,2014,1300020636,0L,1010,1,RFBU,,INR,,BKPF,0,1,,225021,,,101060000,,ZI01,1000,,,,,,,,,-20000,-20000,0,0,0,-20000,H,9,INR,2014,00:00.0,1300020636,1,15,,2000,X,14001164,ZIMA OWN
300,2014,1300020637,0L,1010,1,RFBU,,INR,,BKPF,0,1,,225021,,,101060000,,ZI01,1000,,,,,,,,,-35000,-35000,0,0,0,-35000,H,9,INR,2014,00:00.0,1300020637,1,15,,2000,X,14001164,ZIMA OWN
300,2014,1300020638,0L,1010,1,RFBU,,INR,,BKPF,0,1,,225021,,,101060000,,ZI01,1000,,,,,,,,,-10000,-10000,0,0,0,-10000,H,9,INR,2014,00:00.0,1300020638,1,15,,2000,X,14001164,ZIMA OWN
300,2014,1300020639,0L,1010,1,RFBU,,INR,,BKPF,0,1,,225021,,,101060000,,ZI01,1000,,,,,,,,,-22918.8,-22918.8,0,0,0,-22918.8,H,9,INR,2014,00:00.0,1300020639,1,15,,2000,X,14001164,ZIMA OWN
300,2014,1300020640,0L,1010,1,RFBU,,INR,,BKPF,0,1,,225021,,,101060000,,ZI01,1000,,,,,,,,,-23000,-23000,0,0,0,-23000,H,9,INR,2014,00:00.0,1300020640,1,15,,2000,X,14001164,ZIMA OWN
300,2014,1300020641,0L,1010,1,RFBU,,INR,,BKPF,0,1,,225021,,,101060000,,ZI01,1000,,,,,,,,,-20300,-20300,0,0,0,-20300,H,9,INR,2014,00:00.0,1300020641,1,15,,2000,X,14001164,ZIMA OWN
300,2014,1300020642,0L,1010,1,RFBU,,INR,,BKPF,0,1,,225021,,,101060000,,ZI01,1000,,,,,,,,,-20309,-20309,0,0,0,-20309,H,9,INR,2014,00:00.0,1300020642,1,15,,2000,X,14001164,ZIMA OWN
300,2014,1300020643,0L,1010,1,RFBU,,INR,,BKPF,0,1,,225021,,,101060000,,ZI01,1000,,,,,,,,,-20000,-20000,0,0,0,-20000,H,9,INR,2014,00:00.0,1300020643,1,15,,2000,X,14001164,ZIMA OWN
300,2014,1300020644,0L,1010,1,RFBU,,INR,,BKPF,0,1,,225021,,,101060000,,ZI01,1000,,,,,,,,,-59888,-59888,0,0,0,-59888,H,9,INR,2014,00:00.0,1300020644,1,15,,2000,X,14001164,ZIMA OWN
300,2014,1300020645,0L,1010,1,RFBU,,INR,,BKPF,0,1,,225021,,,101060000,,ZI01,1000,,,,,,,,,-2876.8,-2876.8,0,0,0,-2876.8,H,9,INR,2014,00:00.0,1300020645,1,15,,2000,X,14001164,ZIMA OWN
300,2014,1300020646,0L,1010,1,RFBU,,INR,,BKPF,0,1,,225021,,,101060000,,ZI01,1000,,,,,,,,,-20000,-20000,0,0,0,-20000,H,9,INR,2014,00:00.0,1300020646,1,15,,2000,X,14001164,ZIMA OWN
300,2014,1300020647,0L,1010,1,RFBU,,INR,,BKPF,0,1,,225021,,,101060000,,ZI01,1000,,,,,,,,,-30000,-30000,0,0,0,-30000,H,9,INR,2014,00:00.0,1300020647,1,15,,2000,X,14001164,ZIMA OWN
300,2014,1300020648,0L,1010,1,RFBU,,INR,,BKPF,0,1,,225008,,,101010000,,ZI02,1000,,,,,,,,,-42500,-42500,0,0,0,-42500,H,10,INR,2014,00:00.0,1300020648,1,15,,2000,X,14001164,E-B-U-932
300,2014,1300020649,0L,1010,1,RFBU,,INR,,BKPF,0,1,,225008,,,101010000,,ZI02,1000,,,,,,,,,-47000,-47000,0,0,0,-47000,H,10,INR,2014,00:00.0,1300020649,1,15,,2000,X,14001164,E-R-C-1933
300,2014,1300020650,0L,1010,1,RFBU,,INR,,BKPF,0,1,,225008,,,101010000,,ZI02,1000,,,,,,,,,-13680,-13680,0,0,0,-13680,H,10,INR,2014,00:00.0,1300020650,1,15,,2000,X,14001164,E-A-M-1184
300,2014,1300020651,0L,1010,1,RFBU,,INR,,BKPF,0,1,,225020,,,101010000,,ZI01,1000,,,,,,,,,-1900,-1900,0,0,0,-1900,H,10,INR,2014,00:00.0,1300020651,1,15,,2000,X,14001164,W-R-C-2584
300,2014,1300020652,0L,1010,1,RFBU,,INR,,BKPF,0,1,,225008,,,101010000,,ZI03,1000,,,,,,,,,-92990,-92990,0,0,0,-92990,H,10,INR,2014,00:00.0,1300020652,1,15,,2000,X,14001164,N-B-S-188
300,2014,1300020653,0L,1010,1,RFBU,,INR,,BKPF,0,1,,225008,,,101010000,,ZI01,1000,,,,,,,,,-1444,-1444,0,0,0,-1444,H,10,INR,2014,00:00.0,1300020653,1,15,,2000,X,14001164,S-S-S-1527
300,2014,1300020654,0L,1010,1,RFBU,,INR,,BKPF,0,1,,225020,,,101010000,,ZI01,1000,,,,,,,,,-187500,-187500,0,0,0,-187500,H,9,INR,2014,00:00.0,1300020654,1,15,,2000,X,14001164,S-R-C-3223
300,2014,1300020655,0L,1010,1,RFBU,,INR,,BKPF,0,1,,225008,,,101010000,,ZI02,1000,,,,,,,,,-150000,-150000,0,0,0,-150000,H,10,INR,2014,00:00.0,1300020655,1,15,,2000,X,14001164,E-B-S-450
300,2014,1300020656,0L,1010,1,RFBU,,INR,,BKPF,0,1,,225020,,,101010000,,ZI01,1000,,,,,,,,,-405000,-405000,0,0,0,-405000,H,10,INR,2014,00:00.0,1300020656,1,15,,2000,X,14001164,W-R-C-3126
300,2014,1300020657,0L,1010,1,RFBU,,INR,,BKPF,0,1,,225020,,,101010000,,ZI03,1000,,,,,,,,,-6681,-6681,0,0,0,-6681,H,10,INR,2014,00:00.0,1300020657,1,15,,2000,X,14001164,N-R-C-2415
300,2014,1300020658,0L,1010,1,RFBU,,INR,,BKPF,0,1,,225008,,,101010000,,ZI02,1000,,,,,,,,,-22500,-22500,0,0,0,-22500,H,10,INR,2014,00:00.0,1300020658,1,15,,2000,X,14001164,E-U-U-509
300,2014,1300020659,0L,1010,1,RFBU,,INR,,BKPF,0,1,,225020,,,101010000,,ZI01,1000,,,,,,,,,-187500,-187500,0,0,0,-187500,H,9,INR,2014,00:00.0,1300020659,1,15,,2000,X,14001164,S-R-C-3225
300,2014,1300020660,0L,1010,1,RFBU,,INR,,BKPF,0,1,,225020,,,101010000,,ZI01,1000,,,,,,,,,-30000,-30000,0,0,0,-30000,H,10,INR,2014,00:00.0,1300020660,1,15,,2000,X,14001164,W-R-C-2944
300,2014,1300020661,0L,1010,1,RFBU,,INR,,BKPF,0,1,,225020,,,101010000,,ZI01,1000,,,,,,,,,-5000,-5000,0,0,0,-5000,H,10,INR,2014,00:00.0,1300020661,1,15,,2000,X,14001164,W-R-C-2821
300,2014,1300020662,0L,1010,1,RFBU,,INR,,BKPF,0,1,,225008,,,101010000,,ZI02,1000,,,,,,,,,-2363,-2363,0,0,0,-2363,H,10,INR,2014,00:00.0,1300020662,1,15,,2000,X,14001164,E-S-C-1733
300,2014,1300020663,0L,1010,1,RFBU,,INR,,BKPF,0,1,,225020,,,101010000,,ZI02,1000,,,,,,,,,-15000,-15000,0,0,0,-15000,H,10,INR,2014,00:00.0,1300020663,1,15,,2000,X,14001164,E-S-C-2220
300,2014,1300020664,0L,1010,1,RFBU,,INR,,BKPF,0,1,,225020,,,101010000,,ZI01,1000,,,,,,,,,-75700,-75700,0,0,0,-75700,H,10,INR,2014,00:00.0,1300020664,1,15,,2000,X,14001164,W-R-C-3091
300,2014,1300020665,0L,1010,1,RFBU,,INR,,BKPF,0,1,,225020,,,101010000,,ZI01,1000,,,,,,,,,-141000,-141000,0,0,0,-141000,H,10,INR,2014,00:00.0,1300020665,1,15,,2000,X,14001164,S-R-C-2714
300,2014,1300020666,0L,1010,1,RFBU,,INR,,BKPF,0,1,,225020,,,101010000,,ZI02,1000,,,,,,,,,-141000,-141000,0,0,0,-141000,H,10,INR,2014,00:00.0,1300020666,1,15,,2000,X,14001164,E-R-C-2956
300,2014,1300020667,0L,1010,1,RFBU,,INR,,BKPF,0,1,,225020,,,101010000,,ZI02,1000,,,,,,,,,-8500,-8500,0,0,0,-8500,H,10,INR,2014,00:00.0,1300020667,1,15,,2000,X,14001164,E-R-C-2450
300,2014,1300020668,0L,1010,1,RFBU,,INR,,BKPF,0,1,,225020,,,101010000,,ZI02,1000,,,,,,,,,-15020,-15020,0,0,0,-15020,H,10,INR,2014,00:00.0,1300020668,1,15,,2000,X,14001164,E-R-C-2304
300,2014,1300020669,0L,1010,1,RFBU,,INR,,BKPF,0,1,,225008,,,101010000,,ZI02,1000,,,,,,,,,-5280,-5280,0,0,0,-5280,H,10,INR,2014,00:00.0,1300020669,1,15,,2000,X,14001164,E-L-C-1860
300,2014,1300020670,0L,1010,1,RFBU,,INR,,BKPF,0,1,,225020,,,101010000,,ZI02,1000,,,,,,,,,-18750,-18750,0,0,0,-18750,H,10,INR,2014,00:00.0,1300020670,1,15,,2000,X,14001164,E-R-C-2607
300,2014,1300020671,0L,1010,1,RFBU,,INR,,BKPF,0,1,,225020,,,101010000,,ZI01,1000,,,,,,,,,-600,-600,0,0,0,-600,H,10,INR,2014,00:00.0,1300020671,1,15,,2000,X,14001164,S-R-S-2676
300,2014,1300020672,0L,1010,1,RFBU,,INR,,BKPF,0,1,,225020,,,101010000,,ZI01,1000,,,,,,,,,-250000,-250000,0,0,0,-250000,H,10,INR,2014,00:00.0,1300020672,1,15,,2000,X,14001164,W-R-C-3221
300,2014,1300020673,0L,1010,1,RFBU,,INR,,BKPF,0,1,,225008,,,101010000,,ZI02,1000,,,,,,,,,-8100,-8100,0,0,0,-8100,H,10,INR,2014,00:00.0,1300020673,1,15,,2000,X,14001164,E-R-C-2015
300,2014,1300020674,0L,1010,1,RFBU,,INR,,BKPF,0,1,,225020,,,101010000,,ZI01,1000,,,,,,,,,-250000,-250000,0,0,0,-250000,H,9,INR,2014,00:00.0,1300020674,1,15,,2000,X,14001164,W-R-C-3222
300,2014,1300020675,0L,1010,1,RFBU,,INR,,BKPF,0,1,,225008,,,101010000,,ZI03,1000,,,,,,,,,-25000,-25000,0,0,0,-25000,H,10,INR,2014,00:00.0,1300020675,1,15,,2000,X,14001164,N-A-M-1193
300,2014,1300020676,0L,1010,1,RFBU,,INR,,BKPF,0,1,,225008,,,101010000,,ZI02,1000,,,,,,,,,-16000,-16000,0,0,0,-16000,H,10,INR,2014,00:00.0,1300020676,1,15,,2000,X,14001164,E-C-U-1105
300,2014,1300020677,0L,1010,1,RFBU,,INR,,BKPF,0,1,,225008,,,101010000,,ZI02,1000,,,,,,,,,-21700,-21700,0,0,0,-21700,H,10,INR,2014,00:00.0,1300020677,1,15,,2000,X,14001164,E-S-C-1669
300,2014,1300020678,0L,1010,1,RFBU,,INR,,BKPF,0,1,,225020,,,101010000,,ZI01,1000,,,,,,,,,-250000,-250000,0,0,0,-250000,H,9,INR,2014,00:00.0,1300020678,1,15,,2000,X,14001164,W-R-C-3219
300,2014,1300020679,0L,1010,1,RFBU,,INR,,BKPF,0,1,,225008,,,101010000,,ZI02,1000,,,,,,,,,-90,-90,0,0,0,-90,H,10,INR,2014,00:00.0,1300020679,1,15,,2000,X,14001164,E-R-C-2015
300,2014,1300020680,0L,1010,1,RFBU,,INR,,BKPF,0,1,,225020,,,101010000,,ZI01,1000,,,,,,,,,-187500,-187500,0,0,0,-187500,H,9,INR,2014,00:00.0,1300020680,1,15,,2000,X,14001164,S-R-C-3224
300,2014,1300020681,0L,1010,1,RFBU,,INR,,BKPF,0,1,,225008,,,101010000,,ZI02,1000,,,,,,,,,-8550,-8550,0,0,0,-8550,H,10,INR,2014,00:00.0,1300020681,1,15,,2000,X,14001164,E-R-C-2015
300,2014,1300020682,0L,1010,1,RFBU,,INR,,BKPF,0,1,,225020,,,101010000,,ZI01,1000,,,,,,,,,-250000,-250000,0,0,0,-250000,H,9,INR,2014,00:00.0,1300020682,1,15,,2000,X,14001164,W-R-C-3220
300,2014,1300020683,0L,1010,1,RFBU,,INR,,BKPF,0,1,,225008,,,101010000,,ZI02,1000,,,,,,,,,-15000,-15000,0,0,0,-15000,H,10,INR,2014,00:00.0,1300020683,1,15,,2000,X,14001164,E-S-C-2059
300,2014,1300020684,0L,1010,1,RFBU,,INR,,BKPF,0,1,,225020,,,101010000,,ZI01,1000,,,,,,,,,-1900,-1900,0,0,0,-1900,H,10,INR,2014,00:00.0,1300020684,1,15,,2000,X,14001164,W-R-C-2177
300,2014,1300020685,0L,1010,1,RFBU,,INR,,BKPF,0,1,,225020,,,101010000,,ZI02,1000,,,,,,,,,-12000,-12000,0,0,0,-12000,H,10,INR,2014,00:00.0,1300020685,1,15,,2000,X,14001164,E-R-C-2221
300,2014,1300020686,0L,1010,1,RFBU,,INR,,BKPF,0,1,,225020,,,101010000,,ZI02,1000,,,,,,,,,-84000,-84000,0,0,0,-84000,H,10,INR,2014,00:00.0,1300020686,1,15,,2000,X,14001164,E-R-C-2544
300,2014,1300020687,0L,1010,1,RFBU,,INR,,BKPF,0,1,,225020,,,101010000,,ZI01,1000,,,,,,,,,-3000,-3000,0,0,0,-3000,H,10,INR,2014,00:00.0,1300020687,1,15,,2000,X,14001164,S-R-C-2714
300,2014,1300020688,0L,1010,1,RFBU,,INR,,BKPF,0,1,,225020,,,101010000,,ZI02,1000,,,,,,,,,-7600,-7600,0,0,0,-7600,H,10,INR,2014,00:00.0,1300020688,1,15,,2000,X,14001164,E-R-C-2694
300,2014,2800000809,0L,5000,1,SD00,,USD,,VBRK,0,1,,225000,,,50028U01,,1000,1000,,,,,,,,,13281.25,13281.25,848007.81,0,0,13281.25,S,9,USD,2014,00:00.0,2800000809,1,1,,2000,X,10100105,1012210
300,2014,2800053205,0L,1010,1,SD00,,INR,,VBRK,0,1,,225008,,,101010000,,ZI12,1000,,,,,,,,,15119.86,15119.86,0,0,0,15119.86,S,10,INR,2014,00:00.0,2800053205,1,1,,2000,X,17000007,E-B-N-132
300,2014,2800053205,0L,1010,2,SD00,,INR,,VBRK,0,1,,225008,,,101030000,,ZI12,1000,,,,,,,,,1189.97,1189.97,0,0,0,1189.97,S,10,INR,2014,00:00.0,2800053205,1,1,,2000,X,17000007,E-B-N-132
300,2014,2800053205,0L,1010,3,SD00,,INR,,VBRK,0,1,,225008,,,10099M01,,ZI12,1000,,,,,,,,,0.17,0.17,0,0,0,0.17,S,10,INR,2014,00:00.0,2800053205,1,1,,2000,X,17000007,E-B-N-132
300,2014,2800053206,0L,1010,1,SD00,,INR,,VBRK,0,1,,225008,,,101010000,,ZI12,1000,,,,,,,,,2160.02,2160.02,0,0,0,2160.02,S,10,INR,2014,00:00.0,2800053206,1,1,,2000,X,17000007,E-B-N-132
300,2014,2800053206,0L,1010,2,SD00,,INR,,VBRK,0,1,,225008,,,101030000,,ZI12,1000,,,,,,,,,170,170,0,0,0,170,S,10,INR,2014,00:00.0,2800053206,1,1,,2000,X,17000007,E-B-N-132
300,2014,2800053206,0L,1010,3,SD00,,INR,,VBRK,0,1,,225008,,,10099M01,,ZI12,1000,,,,,,,,,-0.02,-0.02,0,0,0,-0.02,H,10,INR,2014,00:00.0,2800053206,1,12,,2000,X,17000007,E-B-N-132
300,2014,2800053207,0L,1010,1,SD00,,INR,,VBRK,0,1,,225008,,,101010000,,ZI12,1000,,,,,,,,,8639.9,8639.9,0,0,0,8639.9,S,10,INR,2014,00:00.0,2800053207,1,1,,2000,X,17000007,E-B-N-132
300,2014,2800053207,0L,1010,2,SD00,,INR,,VBRK,0,1,,225008,,,101030000,,ZI12,1000,,,,,,,,,679.98,679.98,0,0,0,679.98,S,10,INR,2014,00:00.0,2800053207,1,1,,2000,X,17000007,E-B-N-132
300,2014,2800053207,0L,1010,3,SD00,,INR,,VBRK,0,1,,225008,,,10099M01,,ZI12,1000,,,,,,,,,0.12,0.12,0,0,0,0.12,S,10,INR,2014,00:00.0,2800053207,1,1,,2000,X,17000007,E-B-N-132
300,2014,2800053208,0L,1010,1,SD00,,INR,,VBRK,0,1,,225020,,,101010000,,ZI12,1000,,,,,,,,,11726.54,11726.54,0,0,0,11726.54,S,10,INR,2014,00:00.0,2800053208,1,1,,2000,X,17000007,E-R-C-2779
300,2014,2800053208,0L,1010,2,SD00,,INR,,VBRK,0,1,,225020,,,101030000,,ZI12,1000,,,,,,,,,1473.46,1473.46,0,0,0,1473.46,S,10,INR,2014,00:00.0,2800053208,1,1,,2000,X,17000007,E-R-C-2779
300,2014,2800053209,0L,1010,1,SD00,,INR,,VBRK,0,1,,225008,,,101010000,,ZI01,1000,,,,,,,,,2158.02,2158.02,0,0,0,2158.02,S,10,INR,2014,00:00.0,2800053209,1,1,,2000,X,17000007,S-A-M-755
300,2014,2800053209,0L,1010,2,SD00,,INR,,VBRK,0,1,,225008,,,101030000,,ZI01,1000,,,,,,,,,172,172,0,0,0,172,S,10,INR,2014,00:00.0,2800053209,1,1,,2000,X,17000007,S-A-M-755
300,2014,2800053209,0L,1010,3,SD00,,INR,,VBRK,0,1,,225008,,,10099M01,,ZI01,1000,,,,,,,,,-0.02,-0.02,0,0,0,-0.02,H,10,INR,2014,00:00.0,2800053209,1,12,,2000,X,17000007,S-A-M-755
300,2014,2800053210,0L,1010,1,SD00,,INR,,VBRK,0,1,,225008,,,101010000,,ZI01,1000,,,,,,,,,2158.02,2158.02,0,0,0,2158.02,S,10,INR,2014,00:00.0,2800053210,1,1,,2000,X,17000007,S-A-M-755
300,2014,2800053210,0L,1010,2,SD00,,INR,,VBRK,0,1,,225008,,,101030000,,ZI01,1000,,,,,,,,,172,172,0,0,0,172,S,10,INR,2014,00:00.0,2800053210,1,1,,2000,X,17000007,S-A-M-755
300,2014,2800053210,0L,1010,3,SD00,,INR,,VBRK,0,1,,225008,,,10099M01,,ZI01,1000,,,,,,,,,-0.02,-0.02,0,0,0,-0.02,H,10,INR,2014,00:00.0,2800053210,1,12,,2000,X,17000007,S-A-M-755
300,2014,2800053211,0L,1010,1,SD00,,INR,,VBRK,0,1,,225008,,,101010000,,ZI01,1000,,,,,,,,,2158.02,2158.02,0,0,0,2158.02,S,10,INR,2014,00:00.0,2800053211,1,1,,2000,X,17000007,S-A-M-949
300,2014,2800053211,0L,1010,2,SD00,,INR,,VBRK,0,1,,225008,,,101030000,,ZI01,1000,,,,,,,,,172,172,0,0,0,172,S,10,INR,2014,00:00.0,2800053211,1,1,,2000,X,17000007,S-A-M-949
300,2014,2800053211,0L,1010,3,SD00,,INR,,VBRK,0,1,,225008,,,10099M01,,ZI01,1000,,,,,,,,,-0.02,-0.02,0,0,0,-0.02,H,10,INR,2014,00:00.0,2800053211,1,12,,2000,X,17000007,S-A-M-949
300,2014,2800053212,0L,1010,1,SD00,,INR,,VBRK,0,1,,225008,,,101010000,,ZI01,1000,,,,,,,,,1862.02,1862.02,0,0,0,1862.02,S,10,INR,2014,00:00.0,2800053212,1,1,,2000,X,17000007,S-A-M-949
300,2014,2800053212,0L,1010,2,SD00,,INR,,VBRK,0,1,,225008,,,101030000,,ZI01,1000,,,,,,,,,468,468,0,0,0,468,S,10,INR,2014,00:00.0,2800053212,1,1,,2000,X,17000007,S-A-M-949
300,2014,2800053212,0L,1010,3,SD00,,INR,,VBRK,0,1,,225008,,,10099M01,,ZI01,1000,,,,,,,,,-0.02,-0.02,0,0,0,-0.02,H,10,INR,2014,00:00.0,2800053212,1,12,,2000,X,17000007,S-A-M-949
300,2014,2800053213,0L,1010,1,SD00,,INR,,VBRK,0,1,,225008,,,101010000,,ZI01,1000,,,,,,,,,1873.02,1873.02,0,0,0,1873.02,S,10,INR,2014,00:00.0,2800053213,1,1,,2000,X,17000007,S-A-M-949
300,2014,2800053213,0L,1010,2,SD00,,INR,,VBRK,0,1,,225008,,,101030000,,ZI01,1000,,,,,,,,,557,557,0,0,0,557,S,10,INR,2014,00:00.0,2800053213,1,1,,2000,X,17000007,S-A-M-949
300,2014,2800053213,0L,1010,3,SD00,,INR,,VBRK,0,1,,225008,,,10099M01,,ZI01,1000,,,,,,,,,-0.02,-0.02,0,0,0,-0.02,H,10,INR,2014,00:00.0,2800053213,1,12,,2000,X,17000007,S-A-M-949
300,2014,2800053214,0L,1010,1,SD00,,INR,,VBRK,0,1,,225020,,,101010000,,ZI01,1000,,,,,,,,,2158.02,2158.02,0,0,0,2158.02,S,10,INR,2014,00:00.0,2800053214,1,1,,2000,X,17000007,S-R-C-2692
300,2014,2800053214,0L,1010,2,SD00,,INR,,VBRK,0,1,,225020,,,101030000,,ZI01,1000,,,,,,,,,172,172,0,0,0,172,S,10,INR,2014,00:00.0,2800053214,1,1,,2000,X,17000007,S-R-C-2692
300,2014,2800053214,0L,1010,3,SD00,,INR,,VBRK,0,1,,225020,,,10099M01,,ZI01,1000,,,,,,,,,-0.02,-0.02,0,0,0,-0.02,H,10,INR,2014,00:00.0,2800053214,1,12,,2000,X,17000007,S-R-C-2692
300,2014,2800053215,0L,1010,1,SD00,,INR,,VBRK,0,1,,225020,,,101010000,,ZI01,1000,,,,,,,,,4351.95,4351.95,0,0,0,4351.95,S,10,INR,2014,00:00.0,2800053215,1,1,,2000,X,17000007,S-R-C-2831
300,2014,2800053215,0L,1010,2,SD00,,INR,,VBRK,0,1,,225020,,,101030000,,ZI01,1000,,,,,,,,,795.99,795.99,0,0,0,795.99,S,10,INR,2014,00:00.0,2800053215,1,1,,2000,X,17000007,S-R-C-2831
300,2014,2800053215,0L,1010,3,SD00,,INR,,VBRK,0,1,,225020,,,10099M01,,ZI01,1000,,,,,,,,,0.06,0.06,0,0,0,0.06,S,10,INR,2014,00:00.0,2800053215,1,1,,2000,X,17000007,S-R-C-2831
300,2014,2800053216,0L,1010,1,SD00,,INR,,VBRK,0,1,,225020,,,101010000,,ZI01,1000,,,,,,,,,2158.02,2158.02,0,0,0,2158.02,S,10,INR,2014,00:00.0,2800053216,1,1,,2000,X,17000007,S-R-S-2660
300,2014,2800053216,0L,1010,2,SD00,,INR,,VBRK,0,1,,225020,,,101030000,,ZI01,1000,,,,,,,,,172,172,0,0,0,172,S,10,INR,2014,00:00.0,2800053216,1,1,,2000,X,17000007,S-R-S-2660
300,2014,2800053216,0L,1010,3,SD00,,INR,,VBRK,0,1,,225020,,,10099M01,,ZI01,1000,,,,,,,,,-0.02,-0.02,0,0,0,-0.02,H,10,INR,2014,00:00.0,2800053216,1,12,,2000,X,17000007,S-R-S-2660
300,2014,2800053217,0L,1010,1,SD00,,INR,,VBRK,0,1,,225008,,,101010000,,ZI01,1000,,,,,,,,,2498.01,2498.01,0,0,0,2498.01,S,10,INR,2014,00:00.0,2800053217,1,1,,2000,X,17000007,S-S-S-1527
300,2014,2800053217,0L,1010,2,SD00,,INR,,VBRK,0,1,,225008,,,101030000,,ZI01,1000,,,,,,,,,122,122,0,0,0,122,S,10,INR,2014,00:00.0,2800053217,1,1,,2000,X,17000007,S-S-S-1527
300,2014,2800053217,0L,1010,3,SD00,,INR,,VBRK,0,1,,225008,,,10099M01,,ZI01,1000,,,,,,,,,-0.01,-0.01,0,0,0,-0.01,H,10,INR,2014,00:00.0,2800053217,1,12,,2000,X,17000007,S-S-S-1527
300,2014,2800053218,0L,1010,1,SD00,,INR,,VBRK,0,1,,225020,,,101010000,,ZI01,1000,,,,,,,,,4064.03,4064.03,0,0,0,4064.03,S,10,INR,2014,00:00.0,2800053218,1,1,,2000,X,17000007,S-S-S-2165
300,2014,2800053218,0L,1010,2,SD00,,INR,,VBRK,0,1,,225020,,,101030000,,ZI01,1000,,,,,,,,,886,886,0,0,0,886,S,10,INR,2014,00:00.0,2800053218,1,1,,2000,X,17000007,S-S-S-2165
300,2014,2800053218,0L,1010,3,SD00,,INR,,VBRK,0,1,,225020,,,10099M01,,ZI01,1000,,,,,,,,,-0.03,-0.03,0,0,0,-0.03,H,10,INR,2014,00:00.0,2800053218,1,12,,2000,X,17000007,S-S-S-2165
300,2014,2800053219,0L,1010,1,SD00,,INR,,VBRK,0,1,,225008,,,101010000,,ZI01,1000,,,,,,,,,1862.02,1862.02,0,0,0,1862.02,S,10,INR,2014,00:00.0,2800053219,1,1,,2000,X,17000007,W-B-U-590
300,2014,2800053219,0L,1010,2,SD00,,INR,,VBRK,0,1,,225008,,,101030000,,ZI01,1000,,,,,,,,,468,468,0,0,0,468,S,10,INR,2014,00:00.0,2800053219,1,1,,2000,X,17000007,W-B-U-590
300,2014,2800053219,0L,1010,3,SD00,,INR,,VBRK,0,1,,225008,,,10099M01,,ZI01,1000,,,,,,,,,-0.02,-0.02,0,0,0,-0.02,H,10,INR,2014,00:00.0,2800053219,1,12,,2000,X,17000007,W-B-U-590
300,2014,2800053220,0L,1010,1,SD00,,INR,,VBRK,0,1,,225020,,,101010000,,ZI01,1000,,,,,,,,,1862.02,1862.02,0,0,0,1862.02,S,10,INR,2014,00:00.0,2800053220,1,1,,2000,X,17000007,W-R-C-2590
300,2014,2800053220,0L,1010,2,SD00,,INR,,VBRK,0,1,,225020,,,101030000,,ZI01,1000,,,,,,,,,468,468,0,0,0,468,S,10,INR,2014,00:00.0,2800053220,1,1,,2000,X,17000007,W-R-C-2590
300,2014,2800053220,0L,1010,3,SD00,,INR,,VBRK,0,1,,225020,,,10099M01,,ZI01,1000,,,,,,,,,-0.02,-0.02,0,0,0,-0.02,H,10,INR,2014,00:00.0,2800053220,1,12,,2000,X,17000007,W-R-C-2590
300,2014,2800053221,0L,1010,1,SD00,,INR,,VBRK,0,1,,225020,,,101010000,,ZI01,1000,,,,,,,,,1873.02,1873.02,0,0,0,1873.02,S,10,INR,2014,00:00.0,2800053221,1,1,,2000,X,17000007,W-R-C-2590
300,2014,2800053221,0L,1010,2,SD00,,INR,,VBRK,0,1,,225020,,,101030000,,ZI01,1000,,,,,,,,,557,557,0,0,0,557,S,10,INR,2014,00:00.0,2800053221,1,1,,2000,X,17000007,W-R-C-2590
300,2014,2800053221,0L,1010,3,SD00,,INR,,VBRK,0,1,,225020,,,10099M01,,ZI01,1000,,,,,,,,,-0.02,-0.02,0,0,0,-0.02,H,10,INR,2014,00:00.0,2800053221,1,12,,2000,X,17000007,W-R-C-2590
300,2014,2800053222,0L,1010,1,SD00,,INR,,VBRK,0,1,,225020,,,101010000,,ZI11,1000,,,,,,,,,6474.31,6474.31,0,0,0,6474.31,S,10,INR,2014,00:00.0,2800053222,1,1,,2000,X,17000007,N-R-C-2503
300,2014,2800053222,0L,1010,2,SD00,,INR,,VBRK,0,1,,225020,,,101030000,,ZI11,1000,,,,,,,,,515.63,515.63,0,0,0,515.63,S,10,INR,2014,00:00.0,2800053222,1,1,,2000,X,17000007,N-R-C-2503
300,2014,2800053222,0L,1010,3,SD00,,INR,,VBRK,0,1,,225020,,,10099M01,,ZI11,1000,,,,,,,,,0.06,0.06,0,0,0,0.06,S,10,INR,2014,00:00.0,2800053222,1,1,,2000,X,17000007,N-R-C-2503
300,2014,2800053223,0L,1010,1,SD00,,INR,,VBRK,0,1,,225020,,,101010000,,ZI01,1000,,,,,,,,,2330.02,2330.02,0,0,0,2330.02,S,10,INR,2014,00:00.0,2800053223,1,1,,2000,X,17000007,W-A-M-1414
300,2014,2800053223,0L,1010,2,SD00,,INR,,VBRK,0,1,,225020,,,10099M01,,ZI01,1000,,,,,,,,,-0.02,-0.02,0,0,0,-0.02,H,10,INR,2014,00:00.0,2800053223,1,12,,2000,X,17000007,W-A-M-1414
300,2014,2800053224,0L,1010,1,SD00,,INR,,VBRK,0,1,,225020,,,101010000,,ZI12,1000,,,,,,,,,-2910,-2910,0,0,0,-2910,H,10,INR,2014,00:00.0,2800053224,1,11,,2000,X,14000016,E-R-C-2892
300,2014,2800053224,0L,1010,2,SD00,,INR,,VBRK,0,1,,225020,,,101030000,,ZI12,1000,,,,,,,,,-11030.08,-11030.08,0,0,0,-11030.08,H,10,INR,2014,00:00.0,2800053224,1,11,,2000,X,14000016,E-R-C-2892
300,2014,2800053224,0L,1010,3,SD00,,INR,,VBRK,0,1,,225020,,,10099M01,,ZI12,1000,,,,,,,,,0.08,0.08,0,0,0,0.08,S,10,INR,2014,00:00.0,2800053224,1,2,,2000,X,14000016,E-R-C-2892
300,2014,2800053225,0L,1010,1,SD00,,INR,,VBRK,0,1,,225020,,,101010000,,ZI01,1000,,,,,,,,,-25427.97,-25427.97,0,0,0,-25427.97,H,10,INR,2014,00:00.0,2800053225,1,11,,2000,X,14000016,W-R-C-3091
300,2014,2800053225,0L,1010,2,SD00,,INR,,VBRK,0,1,,225020,,,101030000,,ZI01,1000,,,,,,,,,-1292.01,-1292.01,0,0,0,-1292.01,H,10,INR,2014,00:00.0,2800053225,1,11,,2000,X,14000016,W-R-C-3091
300,2014,2800053225,0L,1010,3,SD00,,INR,,VBRK,0,1,,225020,,,10099M01,,ZI01,1000,,,,,,,,,-0.02,-0.02,0,0,0,-0.02,H,10,INR,2014,00:00.0,2800053225,1,11,,2000,X,14000016,W-R-C-3091
300,2014,2800053226,0L,1010,1,SD00,,INR,,VBRK,0,1,,225020,,,101010000,,ZI12,1000,,,,,,,,,3937.48,3937.48,0,0,0,3937.48,S,10,INR,2014,00:00.0,2800053226,1,1,,2000,X,17000007,E-R-C-2779
300,2014,2800053226,0L,1010,2,SD00,,INR,,VBRK,0,1,,225020,,,10099M01,,ZI12,1000,,,,,,,,,0.52,0.52,0,0,0,0.52,S,10,INR,2014,00:00.0,2800053226,1,1,,2000,X,17000007,E-R-C-2779
300,2014,2800053227,0L,1010,1,SD00,,INR,,VBRK,0,1,,225008,,,101010000,,ZI11,1000,,,,,,,,,1968.74,1968.74,0,0,0,1968.74,S,10,INR,2014,00:00.0,2800053227,1,1,,2000,X,17000007,N-A-M-1169
300,2014,2800053227,0L,1010,2,SD00,,INR,,VBRK,0,1,,225008,,,10099M01,,ZI11,1000,,,,,,,,,0.26,0.26,0,0,0,0.26,S,10,INR,2014,00:00.0,2800053227,1,1,,2000,X,17000007,N-A-M-1169
300,2014,2800053228,0L,1010,1,SD00,,INR,,VBRK,0,1,,225020,,,101010000,,ZI11,1000,,,,,,,,,5906.26,5906.26,0,0,0,5906.26,S,10,INR,2014,00:00.0,2800053228,1,1,,2000,X,17000007,N-R-C-2415
300,2014,2800053228,0L,1010,2,SD00,,INR,,VBRK,0,1,,225020,,,10099M01,,ZI11,1000,,,,,,,,,-0.26,-0.26,0,0,0,-0.26,H,10,INR,2014,00:00.0,2800053228,1,12,,2000,X,17000007,N-R-C-2415
300,2014,2800053229,0L,1010,1,SD00,,INR,,VBRK,0,1,,225008,,,101010000,,ZI01,1000,,,,,,,,,3984.74,3984.74,0,0,0,3984.74,S,10,INR,2014,00:00.0,2800053229,1,1,,2000,X,17000007,S-A-M-755
300,2014,2800053229,0L,1010,2,SD00,,INR,,VBRK,0,1,,225008,,,10099M01,,ZI01,1000,,,,,,,,,0.26,0.26,0,0,0,0.26,S,10,INR,2014,00:00.0,2800053229,1,1,,2000,X,17000007,S-A-M-755
300,2014,2800053230,0L,1010,1,SD00,,INR,,VBRK,0,1,,225008,,,101010000,,ZI01,1000,,,,,,,,,4087.63,4087.63,0,0,0,4087.63,S,10,INR,2014,00:00.0,2800053230,1,1,,2000,X,17000007,S-G-K-1025
300,2014,2800053230,0L,1010,2,SD00,,INR,,VBRK,0,1,,225008,,,10099M01,,ZI01,1000,,,,,,,,,0.37,0.37,0,0,0,0.37,S,10,INR,2014,00:00.0,2800053230,1,1,,2000,X,17000007,S-G-K-1025
300,2014,2800053231,0L,1010,1,SD00,,INR,,VBRK,0,1,,225008,,,101010000,,ZI01,1000,,,,,,,,,3937.48,3937.48,0,0,0,3937.48,S,10,INR,2014,00:00.0,2800053231,1,1,,2000,X,17000007,S-R-C-1899
300,2014,2800053231,0L,1010,2,SD00,,INR,,VBRK,0,1,,225008,,,10099M01,,ZI01,1000,,,,,,,,,0.52,0.52,0,0,0,0.52,S,10,INR,2014,00:00.0,2800053231,1,1,,2000,X,17000007,S-R-C-1899
300,2014,2800053232,0L,1010,1,SD00,,INR,,VBRK,0,1,,225020,,,101010000,,ZI01,1000,,,,,,,,,1550.01,1550.01,0,0,0,1550.01,S,10,INR,2014,00:00.0,2800053232,1,1,,2000,X,17000007,S-R-S-2340
300,2014,2800053232,0L,1010,2,SD00,,INR,,VBRK,0,1,,225020,,,10099M01,,ZI01,1000,,,,,,,,,-0.01,-0.01,0,0,0,-0.01,H,10,INR,2014,00:00.0,2800053232,1,12,,2000,X,17000007,S-R-S-2340
300,2014,2800053233,0L,1010,1,SD00,,INR,,VBRK,0,1,,225020,,,101010000,,ZI01,1000,,,,,,,,,300,300,0,0,0,300,S,10,INR,2014,00:00.0,2800053233,1,1,,2000,X,17000007,S-R-S-2340
300,2014,2800053233,0L,1010,2,SD00,,INR,,VBRK,0,1,,225020,,,101030000,,ZI01,1000,,,,,,,,,300,300,0,0,0,300,S,10,INR,2014,00:00.0,2800053233,1,1,,2000,X,17000007,S-R-S-2340
300,2014,2800053234,0L,1010,1,SD00,,INR,,VBRK,0,1,,225020,,,101010000,,ZI01,1000,,,,,,,,,1199.98,1199.98,0,0,0,1199.98,S,10,INR,2014,00:00.0,2800053234,1,1,,2000,X,17000007,W-A-M-1414
300,2014,2800053234,0L,1010,2,SD00,,INR,,VBRK,0,1,,225020,,,10099M01,,ZI01,1000,,,,,,,,,0.02,0.02,0,0,0,0.02,S,10,INR,2014,00:00.0,2800053234,1,1,,2000,X,17000007,W-A-M-1414
300,2014,2800053235,0L,1010,1,SD00,,INR,,VBRK,0,1,,225020,,,101010000,,ZI01,1000,,,,,,,,,1199.98,1199.98,0,0,0,1199.98,S,10,INR,2014,00:00.0,2800053235,1,1,,2000,X,17000007,W-A-M-1414
300,2014,2800053235,0L,1010,2,SD00,,INR,,VBRK,0,1,,225020,,,10099M01,,ZI01,1000,,,,,,,,,0.02,0.02,0,0,0,0.02,S,10,INR,2014,00:00.0,2800053235,1,1,,2000,X,17000007,W-A-M-1414
300,2014,2800053236,0L,1010,1,SD00,,INR,,VBRK,0,1,,225008,,,101010000,,ZI01,1000,,,,,,,,,7875,7875,0,0,0,7875,S,10,INR,2014,00:00.0,2800053236,1,1,,2000,X,17000007,W-C-U-242
300,2014,2800053237,0L,1010,1,SD00,,INR,,VBRK,0,1,,225008,,,101010000,,ZI01,1000,,,,,,,,,300,300,0,0,0,300,S,10,INR,2014,00:00.0,2800053237,1,1,,2000,X,17000007,W-R-S-1922
300,2014,2800053237,0L,1010,2,SD00,,INR,,VBRK,0,1,,225008,,,101030000,,ZI01,1000,,,,,,,,,300,300,0,0,0,300,S,10,INR,2014,00:00.0,2800053237,1,1,,2000,X,17000007,W-R-S-1922
300,2014,2800053238,0L,1010,1,SD00,,INR,,VBRK,0,1,,225008,,,101010000,,ZI12,1000,,,,,,,,,1550,1550,0,0,0,1550,S,10,INR,2014,00:00.0,2800053238,1,1,,2000,X,17000007,E-S-C-1870
300,2014,2800053239,0L,1010,1,SD00,,INR,,VBRK,0,1,,225020,,,101010000,,ZI11,1000,,,,,,,,,775,775,0,0,0,775,S,10,INR,2014,00:00.0,2800053239,1,1,,2000,X,17000007,N-R-C-2415
300,2014,2800053240,0L,1010,1,SD00,,INR,,VBRK,0,1,,225020,,,101010000,,ZI11,1000,,,,,,,,,1899.99,1899.99,0,0,0,1899.99,S,10,INR,2014,00:00.0,2800053240,1,1,,2000,X,17000007,N-T-C-1443
300,2014,2800053240,0L,1010,2,SD00,,INR,,VBRK,0,1,,225020,,,10099M01,,ZI11,1000,,,,,,,,,0.01,0.01,0,0,0,0.01,S,10,INR,2014,00:00.0,2800053240,1,1,,2000,X,17000007,N-T-C-1443
300,2014,2800053241,0L,1010,1,SD00,,INR,,VBRK,0,1,,225020,,,101010000,,ZI01,1000,,,,,,,,,1900,1900,0,0,0,1900,S,10,INR,2014,00:00.0,2800053241,1,1,,2000,X,17000007,W-R-C-2177
300,2014,2800053242,0L,1010,1,SD00,,INR,,VBRK,0,1,,225020,,,101010000,,ZI01,1000,,,,,,,,,1900,1900,0,0,0,1900,S,10,INR,2014,00:00.0,2800053242,1,1,,2000,X,17000007,W-R-C-2177
300,2014,2800053243,0L,1010,1,SD00,,INR,,VBRK,0,1,,225020,,,101010000,,ZI01,1000,,,,,,,,,1899.98,1899.98,0,0,0,1899.98,S,10,INR,2014,00:00.0,2800053243,1,1,,2000,X,17000007,W-R-C-2710
300,2014,2800053243,0L,1010,2,SD00,,INR,,VBRK,0,1,,225020,,,10099M01,,ZI01,1000,,,,,,,,,0.02,0.02,0,0,0,0.02,S,10,INR,2014,00:00.0,2800053243,1,1,,2000,X,17000007,W-R-C-2710
300,2014,2800053244,0L,1010,1,SD00,,INR,,VBRK,0,1,,225008,,,101010000,,ZI12,1000,,,,,,,,,3419.98,3419.98,0,0,0,3419.98,S,10,INR,2014,00:00.0,2800053244,1,1,,2000,X,17000007,E-B-U-269
300,2014,2800053244,0L,1010,2,SD00,,INR,,VBRK,0,1,,225008,,,10099M01,,ZI12,1000,,,,,,,,,0.02,0.02,0,0,0,0.02,S,10,INR,2014,00:00.0,2800053244,1,1,,2000,X,17000007,E-B-U-269
300,2014,2900001495,0L,1030,2,RFBU,,INR,,BKPF,0,1,,225852,,,10300101,,1000,1000,,,,,,,,,-24387697,-24387697,-24387697,0,0,-24387697,H,9,INR,2014,00:00.0,2900001495,2,11,,2000,X,10700113,2300000
300,2014,2900003195,0L,1060,2,RFBU,,INR,,BKPF,0,1,,269900,,,10601M01,,1000,1000,,,,,,,,,-5820000,-5820000,-5820000,0,0,-5820000,H,10,INR,2014,00:00.0,2900003195,2,17,,2000,X,ZEELEVPL_5,1500231
300,2014,2900003268,0L,1010,1,RFBU,,INR,,BKPF,0,1,,225020,,,101010000,,ZI01,1000,,,,,,,,,27501,27501,0,0,0,27501,S,9,INR,2014,00:00.0,2900003268,1,1,,2000,X,14000328,W-R-C-3185
300,2014,2900003281,0L,1010,1,RFBU,,INR,,BKPF,0,1,,225020,,,101010000,,ZI01,1000,,,,,,,,,27501,27501,0,0,0,27501,S,9,INR,2014,00:00.0,2900003281,1,1,,2000,X,14000328,S-R-C-3183
300,2014,2900003282,0L,1010,1,RFBU,,INR,,BKPF,0,1,,225020,,,101010000,,ZI01,1000,,,,,,,,,27501,27501,0,0,0,27501,S,9,INR,2014,00:00.0,2900003282,1,1,,2000,X,14000328,E-R-C-3172
300,2014,2900003283,0L,1010,1,RFBU,,INR,,BKPF,0,1,,225020,,,101010000,,ZI01,1000,,,,,,,,,27501,27501,0,0,0,27501,S,9,INR,2014,00:00.0,2900003283,1,1,,2000,X,14000328,W-R-C-3186
300,2014,2900003284,0L,1010,1,RFBU,,INR,,BKPF,0,1,,225020,,,101010000,,ZI01,1000,,,,,,,,,27501,27501,0,0,0,27501,S,9,INR,2014,00:00.0,2900003284,1,1,,2000,X,14000328,E-R-C-3182
300,2014,2900011255,0L,2000,1,RFBU,,USD,,BKPF,0,1,,225906,,,20001M01,,1000,1000,,,,,,,1000,,-195202.5,-195202.5,-12463679.63,0,0,-195202.5,H,9,USD,2014,00:00.0,2900011255,1,14,,2000,X,10100858,1301545
300,2014,2900011256,0L,2000,2,RFBU,410,USD,,BKPF,0,1,,220000,,,20001M01,,1000,1000,,,,,,,2060,,-4730,-4730,-302010.5,0,0,-4730,H,9,USD,2014,00:00.0,2900011256,2,14,,2000,X,10100858,1700334
300,2014,2900011263,0L,2000,2,RFBU,,USD,,BKPF,0,1,,225010,,,20004M01,,1000,1000,,,,,,,,,-140,-140,-8939,0,0,-140,H,9,USD,2014,00:00.0,2900011263,2,16,,2000,X,20000003,1302151
300,2014,2900011264,0L,2000,2,RFBU,,USD,,BKPF,0,1,,225010,,,20004M01,,1000,1000,,,,,,,,,-2410,-2410,-153878.5,0,0,-2410,H,9,USD,2014,00:00.0,2900011264,2,16,,2000,X,20000003,1301521
300,2014,2900011266,0L,2000,2,RFBU,,USD,,BKPF,0,1,,225010,,,20005M03,,1000,1000,,,,,,,,,-38,-38,-2426.3,0,0,-38,H,9,USD,2014,00:00.0,2900011266,2,16,,2000,X,20000003,1302035
300,2014,2900011269,0L,2000,2,RFBU,,USD,,BKPF,0,1,,225017,,,20002M10,,1000,1000,,,,,,,,,113114.72,113114.72,7222374.87,0,0,113114.72,S,9,USD,2014,00:00.0,2900011269,2,4,,2000,X,10100858,1700585
300,2014,2900011270,0L,2000,2,RFBU,,USD,,BKPF,0,1,,225010,,,20001M01,,1000,1000,,,,,,,,,-150,-150,-9577.5,0,0,-150,H,9,USD,2014,00:00.0,2900011270,2,16,,2000,X,20000003,1301885
300,2014,2900011271,0L,2000,4,RFBU,,USD,,BKPF,0,1,,225017,,,20009M01,,1000,1000,,,,,,,,,171332.23,171332.23,10939562.89,0,0,171332.23,S,9,USD,2014,00:00.0,2900011271,4,4,,2000,X,10100858,1700585
300,2014,2900011272,0L,2000,2,RFBU,,USD,,BKPF,0,1,,225010,,,20001M01,,1000,1000,,,,,,,,,-36,-36,-2298.6,0,0,-36,H,9,USD,2014,00:00.0,2900011272,2,16,,2000,X,20000003,1301916
300,2014,2900011273,0L,2000,2,RFBU,,USD,,BKPF,0,1,,225010,,,20001M01,,1000,1000,,,,,,,,,-75,-75,-4788.75,0,0,-75,H,9,USD,2014,00:00.0,2900011273,2,16,,2000,X,20000003,1700113
300,2014,2900011274,0L,2000,2,RFBU,,USD,,BKPF,0,1,,225010,,,20001M01,,1000,1000,,,,,,,,,-75,-75,-4788.75,0,0,-75,H,9,USD,2014,00:00.0,2900011274,2,16,,2000,X,20000003,1700562
300,2014,2900011275,0L,2000,2,RFBU,,USD,,BKPF,0,1,,225010,,,20001M01,,1000,1000,,,,,,,,,-25,-25,-1596.25,0,0,-25,H,9,USD,2014,00:00.0,2900011275,2,16,,2000,X,20000003,1302199
300,2014,2900011276,0L,2000,2,RFBU,,USD,,BKPF,0,1,,225010,,,20001M01,,1000,1000,,,,,,,,,-27,-27,-1723.95,0,0,-27,H,9,USD,2014,00:00.0,2900011276,2,16,,2000,X,20000003,1302031
300,2014,2900011277,0L,2000,2,RFBU,,USD,,BKPF,0,1,,225010,,,20001M01,,1000,1000,,,,,,,,,-60,-60,-3831,0,0,-60,H,9,USD,2014,00:00.0,2900011277,2,16,,2000,X,20000003,1302179
300,2014,4200000153,0L,1030,1,RFBU,,INR,,BKPF,0,1,,225852,,,10300101,,1000,1000,,,,,,,,,57869450,57869450,57869450,0,0,57869450,S,10,INR,2014,00:00.0,4200000153,1,5,,2000,X,10700113,2300035
300,2014,4200000154,0L,1030,1,RFBU,,INR,,BKPF,0,1,,269900,,,10300101,,1000,1000,,,,,,,,,60000000,60000000,60000000,0,0,60000000,S,10,INR,2014,00:00.0,4200000154,1,5,,2000,X,10700113,1500151
300,2014,4200000155,0L,1030,2,RFBU,,INR,,BKPF,0,1,,269900,,,10300101,,1000,1000,,,,,,,,,-110000000,-110000000,-110000000,0,0,-110000000,H,10,INR,2014,00:00.0,4200000155,2,11,,2000,X,10700113,1500151
